AE_1,AE_2,class
-0.28348114827013055,0.20399051605237975,5
-0.26231371914947943,-0.04408176161557579,5
-0.2616170271438561,0.010437906533348225,5
-0.3475860195990538,0.005334229696584414,6
-0.28348114827013055,0.20399051605237975,5
-0.28348114827013055,0.20399051605237975,5
-0.30028528775010815,0.19881080192133466,5
-0.13446868335565687,0.22602831304580523,7
-0.2704539238319587,0.13985405765464037,7
-0.16586236907465582,-0.1283483124254114,5
-0.2866998889973046,0.15029812685418212,5
-0.16586236907465582,-0.1283483124254114,5
-0.06107749838881277,0.27933087014849906,5
-0.14774975265278315,-0.7802383215257651,5
-0.37456906682655844,-0.24315868319983455,5
-0.3627332952401294,-0.2874540661505853,5
-0.14726561527964263,-0.0978696995793029,7
-0.20304524841028354,-0.6416033310039129,5
-0.3474260427076407,0.20778168375953357,4
-0.28504563349300976,-0.4886131373784133,6
-0.27928532351747015,0.1857741899554187,6
-0.2530467810807648,0.12686737531436493,5
-0.23907203743733885,-0.26470992340950394,5
-0.33874665235336504,0.08623763101042267,5
-0.21804153127049988,0.11779602281270599,6
-0.23851150769338733,0.1631559916459916,5
-0.2615157655339524,0.09489769595282115,5
-0.23907203743733885,-0.26470992340950394,5
-0.2703553912438555,0.20166611684535754,5
-0.21286528241990385,0.125045309231823,6
-0.17474436562389709,0.14107821187996641,5
-0.1209219917012453,0.13522735047171408,6
-0.2656704110087591,-0.039258695384634716,5
-0.3701394077166757,0.18101916073071328,6
-0.2477709988011838,0.1899595801495041,5
-0.33285757134999233,0.1423885514834395,6
-0.1478233812396962,0.07137038185267688,6
-0.25274384056407023,-0.06850417360260262,7
-0.09172011485481932,0.27943134358692273,4
-0.16440144616043506,-0.1681275847123117,5
-0.16440144616043506,-0.1681275847123117,5
-0.3607358221826919,0.1348690456773733,4
-0.13032716632225333,-0.29258592591724686,6
-0.04605506888103322,-0.533927456958215,5
-0.21947327439564834,0.23442767576387125,5
0.41179617563255866,0.22051020525968154,4
-0.3059802060433922,-0.032984158416022334,5
-0.30326026269090467,0.07947795674104725,5
-0.26150106031671133,0.164003447055561,5
-0.2448550636405951,0.14499477490706744,5
-0.33558514049774846,-0.09540701923211672,5
-0.2001109602077755,0.13201918031958457,6
-0.19591654626104157,0.12047341797599294,6
-0.33388945409946064,0.07465738140282671,5
-0.17867140848072804,-0.023227384902529184,6
-0.3273101829403555,0.14547795839818223,5
-0.3482469536920618,-0.0744294028708762,5
-0.33594030551399845,-0.09173050490569064,5
-0.23001445070779503,0.12505473682641957,5
-0.24494108161751638,0.1954195084782251,6
-0.31552598179530367,0.12176598572857444,5
-0.302261813078529,-0.038462946122936506,5
-0.25434750045524984,0.11145814549841616,7
-0.2238737479360672,0.14233458531767718,5
-0.13162402833807135,0.2278769461692815,5
-0.13162402833807135,0.2278769461692815,5
-0.24177451005767053,0.15545465677141068,5
-0.09366809568077467,0.11709711548387108,5
-0.1204699115112425,-0.15879903194706352,5
-0.04291232235805289,-0.27049625672723643,6
-0.2832225507796991,0.1447361796056534,6
-0.27332359369543996,0.19279131208065992,5
-0.2717312349217384,0.18977777228498915,5
-0.3527778882854821,0.14740265250058945,4
-0.30596223503046627,-0.14042845810603202,5
-0.18332378375337824,0.0843717329441578,5
-0.18332378375337824,0.0843717329441578,5
-0.09761390281627545,0.1727331410069748,6
-0.1709913889819441,0.1694336395525016,5
-0.2669906154662134,-0.4673556839073016,4
-0.24156662714803603,0.19489809423272156,5
-0.2191686727122036,-0.6398681158588657,5
-0.315733283659614,0.15443727357816625,5
-0.2141440178916119,-0.500143211247213,5
-0.06698361786681564,-0.030986335627148136,6
-0.15911669601527567,0.12765050839988099,5
-0.13261303508344746,-0.9419129777612141,6
-0.22795035954700138,0.0981075155524443,5
-0.24038162809183644,-0.591228745210701,5
-0.3318097277775127,0.224703070010716,5
-0.2946297557535637,0.107346043436739,5
-0.13261303508344746,-0.9419129777612141,6
-0.13966995707167915,-0.9449687220647361,5
-0.22795035954700138,0.0981075155524443,5
0.06479138288530556,0.3486740233826665,4
0.402135025315473,0.18100283928396513,6
-0.11089473561943086,0.1340192788839398,5
-0.294508708908773,0.06189891432736894,5
-0.230725394625126,0.14844711927212942,5
-0.3457169179029872,0.11403606787398231,6
-0.1997546689470817,0.08916199862417196,6
-0.15473626810831792,0.09002897871376184,6
-0.3457169179029872,0.11403606787398231,6
-0.3240109842202038,0.16522967569895264,5
-0.2709749111882288,0.20372769013121667,5
-0.3240109842202038,0.16522967569895264,5
-0.23383725222082383,-0.6775124677416211,5
-0.21792340842495517,0.017018735142859204,5
-0.24578285558649565,-0.06368874855251698,6
-0.3109021245105797,-0.021826244045350426,5
-0.21810661233766107,-0.2730754555687028,5
-0.26178821522160106,-0.0471957874966854,5
-0.26178821522160106,-0.0471957874966854,5
-0.3329064344290508,0.0044130582215399445,6
-0.21810661233766107,-0.2730754555687028,5
-0.22877192909997002,-0.10424616413660699,6
-0.2511315788015309,0.08668288379101256,6
-0.29922895639061514,0.19439327284189795,6
-0.13395512171134363,-0.024753294037068316,6
-0.27004790761815783,0.17695892085980036,6
-0.3065527150905364,0.1423811086015695,5
-0.13395512171134363,-0.024753294037068316,6
-0.32219332861580363,0.2252253230365171,5
-0.29115377355838434,0.19245898529381153,5
-0.2448994097410241,0.22495072661668564,5
-0.37933013761858936,-0.08189187649221089,5
-0.07958472204907477,0.21157711143369526,5
-0.07930634771094354,0.22262806802769639,5
-0.02597267119116395,-0.19628390712043725,7
-0.20351683242195834,0.18716611203152264,5
-0.2947650952884602,0.015456307167126196,5
0.3495768731482949,0.04741286484646222,5
0.3495768731482949,0.04741286484646222,5
-0.15247033882144703,0.15530799255770047,6
-0.23420118677913973,0.08125115771914738,6
-0.2389492326712257,-0.1675664800116087,5
-0.2640442577066978,-0.0947914751422938,5
-0.2683535484897817,0.15134041404105456,5
-0.2581879565058078,0.1556903763021869,5
-0.2609901427693493,0.1511805061702396,5
-0.2389492326712257,-0.1675664800116087,5
-0.2640442577066978,-0.0947914751422938,5
0.5676324919010369,-0.13337277334241396,6
-0.21973876182117663,0.14485843955501074,5
0.5676324919010369,-0.13337277334241396,6
-0.32168560020002923,0.01440665667080876,5
-0.06743903496303764,0.25765158387711345,5
-0.31075874643173806,-0.17622397016883892,5
-0.13853950133074086,0.13713871283815213,6
-0.144505450493374,0.1324617391243235,6
-0.16234055272895817,0.12918502576350202,6
-0.35517260804072553,-0.9589967639191725,4
-0.1365625342277028,0.14961944264747232,5
-0.1365625342277028,0.14961944264747232,5
-0.13946835399959334,-0.01139900579007214,5
-0.1420625685160042,-0.0024828465698252962,5
-0.13946835399959334,-0.01139900579007214,5
-0.1420625685160042,-0.0024828465698252962,5
-0.2729008428568985,0.24540349834306271,5
-0.2225904614656145,0.2484716946899174,6
-0.26686899205337405,0.07912762346775304,5
-0.2255357691663089,-0.4232250844885418,4
-0.21412375304236406,0.11462511071574262,6
-0.35125091220426624,0.18335421730149684,5
-0.34715016827918077,0.1848855753867647,5
-0.2753432892426961,0.027880351585467773,5
-0.16284290802361057,0.14858923512861333,5
-0.2784279106281156,0.24069850886013383,4
-0.08119358699258403,0.17870407205884534,6
-0.13576783380816265,-0.8528303601723634,5
-0.3623715515345354,0.2945790831527117,4
-0.3272350597720214,0.08524873863270055,6
-0.3272350597720214,0.08524873863270055,6
-0.008317458089651005,0.071326627718604,6
-0.2682057512479945,0.20492262173196463,5
-0.17740285675836343,-0.030757405914596057,5
-0.2682057512479945,0.20492262173196463,5
-0.1146753678801984,0.15946962184485625,6
-0.23324084920461302,0.19508574061465606,5
-0.31740101055827374,0.042570908212794814,5
-0.31740101055827374,0.042570908212794814,5
-0.2800615405135506,-0.39716272013750237,5
-0.293510984833548,0.21227080329385356,5
-0.24894161011556348,0.21710803525781652,5
-0.25029097223653546,0.20983463418849596,6
-0.3007199037973216,0.10998827876605778,5
-0.3245440677819902,0.15265969013301975,5
-0.2945929336608134,0.18913972116829944,5
-0.31814669399626105,0.0803329672374753,5
-0.31814669399626105,0.0803329672374753,5
-0.3407928422134937,0.0331471349867952,5
-0.1972975270534079,0.17816317168529808,6
-0.2890379124459133,0.07018302907052244,5
-0.2599611640333301,0.11354176144713442,5
-0.2599611640333301,0.11354176144713442,5
-0.3157761723488412,0.11590988119583828,5
-0.1677271750941349,0.1380889876235172,5
-0.2564826925822852,-0.4022353446864637,6
0.4520519242782006,-0.18512386470584302,7
0.029064929738071406,0.23404289698981462,4
-0.17791352628256082,-0.19701382417488805,7
-0.31575889207542923,-0.44892975447768074,5
-0.15411105196923777,-0.031916225272711096,5
-0.276860616899499,0.16741204259561826,5
-0.2770655020610121,0.1596535076351445,6
-0.2659885560081398,-0.21671845315704735,7
-0.2659885560081398,-0.21671845315704735,7
-0.2920885114578738,0.15309586680488035,5
-0.2890312163082085,-0.0007687942371446088,5
-0.1685645815580795,-0.2302007720472728,7
0.15570370103671924,-0.30485987635717804,6
-0.22939617855216007,0.11846760658057617,6
-0.27827292624236727,-0.0674658738119377,6
-0.21973202568987102,0.19520477268466688,5
-0.272937228448793,-0.05767780799399945,6
-0.15837716465160406,-0.09134921165712011,5
-0.15119962379640414,-0.040240780082641384,5
-0.3064726418118926,0.1725259366954481,5
-0.19886041611610994,0.17948982682210174,5
-0.2697303697076254,0.09221022217839633,5
-0.26335982805950636,0.1254152703779863,6
-0.28839981283333416,0.059678233020659506,5
-0.1747331197288672,0.16330528072257763,5
-0.2999588035249047,0.03604700049874771,6
-0.22642531287740325,0.06351051225620391,4
-0.13353686123767292,0.09486203484294156,6
-0.11768636842473376,-0.8531702520386292,6
-0.29388984863523093,0.0724322821918946,5
-0.13353686123767292,0.09486203484294156,6
-0.10875178829396358,0.16334811684449754,5
0.2858084992303636,0.06675454511186815,7
-0.21489346857577135,0.16909506868151108,6
-0.29475541515776243,0.005635576583243498,6
-0.10875178829396358,0.16334811684449754,5
-0.3325073424387456,0.15684551484227477,6
-0.3092266398972142,0.15934912704147988,6
-0.3092266398972142,0.15934912704147988,6
-0.29123479476061137,0.15097705719969373,6
-0.3092266398972142,0.15934912704147988,6
-0.3325073424387456,0.15684551484227477,6
-0.2943885221427512,-0.5224152524622296,5
-0.2780163797020957,-0.19690775025564536,6
-0.283963215650473,0.06991241211636604,6
-0.46527965280322947,-0.2707249421855044,7
-0.46527965280322947,-0.2707249421855044,7
-0.13746537063404302,-0.11488309903977409,6
-0.2770982966850658,0.1833897814888253,5
-0.33327286267295575,0.1680784515818204,5
-0.23464963367712896,0.19359634703972634,6
-0.13746537063404302,-0.11488309903977409,6
-0.29598273777812983,-0.15822982870611746,6
-0.18874760805259674,0.0656883546651941,6
-0.3160269967674404,0.005140150522661818,5
-0.26172699925700554,0.0745927676960971,5
-0.18874760805259674,0.0656883546651941,6
-0.3142555467797512,0.10335195669596804,5
-0.37796848732595234,0.03208402204666838,5
-0.24087614875900132,0.13850803589877222,5
-0.21276956222902785,-0.6479755822664794,5
-0.25683573271068544,-0.14563473010311817,7
-0.26742129510746077,0.06055866508748043,5
-0.22390009940136305,0.1313972769886901,4
-0.17812118558872744,0.1191390019752935,5
-0.268231390075955,0.03818926822670537,5
-0.2941208269323165,-0.3829041488753831,5
-0.2116749477402536,-0.10378251444747433,7
-0.3014956589879876,0.07656105507416841,4
0.13880718298181055,-0.3105085346316178,8
-0.19978784698035695,0.0010351414849968652,6
-0.28319689321294256,-0.32956204998496036,6
-0.10798747596911927,-0.0008935452098128486,6
-0.28319689321294256,-0.32956204998496036,6
-0.3262933057247521,-0.1750869059978786,5
-0.3043971301780829,0.05955824753012273,5
-0.34179263776213203,-0.04076054746534517,5
-0.10798747596911927,-0.0008935452098128486,6
-0.19978784698035695,0.0010351414849968652,6
-0.28319689321294256,-0.32956204998496036,6
0.050370538566360444,-0.3260148521189797,8
-0.23021787486664044,-0.09980598429188402,7
-0.3864133268208974,-0.21153805743049386,6
-0.16140129479411217,-0.4240529282737629,7
-0.3200268928727094,0.1530468902509539,5
-0.23021787486664044,-0.09980598429188402,7
-0.3788832588994242,-0.060587597223234625,5
-0.3788832588994242,-0.060587597223234625,5
-0.35898027363325474,-0.23586076543438456,6
-0.1510901469432503,-0.0013886041098697293,6
-0.13194108070620353,-0.1961187558255455,7
-0.45783693641170053,-0.32039397445143386,5
-0.13194108070620353,-0.1961187558255455,7
-0.20785747069814653,-0.0721166606456451,5
-0.336117969707686,-0.0616931553557991,6
-0.17110285313153994,0.11649561092305619,6
-0.5027529908318565,-0.2889479045171166,6
-0.47496041429280067,-0.11792118602055641,5
-0.35373350450838226,0.04631153724269154,5
-0.2178312486503323,0.1367845676352387,5
-0.2293318382000619,0.06540697275214605,5
-0.21423356950602038,0.15803279979588025,5
-0.1236109826371178,0.07690654251022333,6
-0.25911499300939916,-0.021379768576194193,6
-0.26864930185233765,0.03488958449131683,5
-0.23213646897230691,0.18486732253482305,5
-0.3706727859745153,0.10935409086936038,5
-0.46949722094862606,-0.026810778111487778,6
-0.28086932751500115,0.18213764007373917,5
-0.4176746068323777,-0.01905996230560443,6
-0.41618942466235304,-0.027232631565050482,6
-0.26444988699837535,0.1903670904603761,6
-0.46949722094862606,-0.026810778111487778,6
-0.2753575604649347,0.13553932170650504,6
-0.329832749683889,0.056394647163728,6
-0.3383029084700863,0.134626987029283,5
-0.05994917800690318,-0.011529027393528643,5
-0.04662476760103647,0.03256548112565269,6
-0.340535245960058,-0.021697110648546698,5
-0.27022391147852043,-0.015114869914772504,6
-0.12861914227959564,-0.10587505721332077,7
-0.27022391147852043,-0.015114869914772504,6
-0.12861914227959564,-0.10587505721332077,7
-0.4028748245142022,-0.00964864811033579,5
-0.3210174472178507,0.06270269435451525,5
-0.36526484324198494,-0.03417885819375842,6
-0.5185312530743726,-0.11431494848058205,6
-0.5185312530743726,-0.11431494848058205,6
-0.16091844383756412,-0.2873795798096705,7
-0.07788732742577152,-0.2548424457992626,5
-0.4333675399071025,-0.09925296088538631,6
-0.3663641236605583,-0.00379295658423353,5
-0.024325422317596282,-0.18178665658941337,6
-0.024325422317596282,-0.18178665658941337,6
-0.34500604830845616,0.09501291676335556,6
-0.14764415810997053,0.0016309773912025808,5
0.030391545317935826,-0.13377021955523236,7
-0.09694851942862927,-0.3696285285800523,7
0.1903364967899967,-0.12829889579205417,6
-0.2180230884532471,0.012054840068489586,5
-0.22873334021537498,-0.4982408224879899,6
-0.2925667350910549,-0.7263655569192853,7
-0.3961569599301338,-0.5641127227971374,6
-0.06908386299506696,-0.31110649530567724,6
-0.2854924768142614,-0.07280951026995704,6
-0.2854924768142614,-0.07280951026995704,6
-0.35325925115266704,-0.2786033974923744,6
-0.1574943569447218,0.02811322665561412,5
0.25740147532823127,-0.18456481286752646,7
-0.1157109879509483,-0.5021579297244099,6
-0.26767236843149333,-0.34612809980620657,6
-0.3423327680982062,-0.13779447960920405,6
-0.34106041151894223,-0.3374914421230098,6
-0.35056966082665586,-0.11484013866946603,6
-0.30929713269059883,-0.03297510957991043,5
-0.16068233044146407,-0.3762853033502758,5
0.23740022254110416,-0.024240385227579438,6
0.21884472810276637,0.028670665056367933,6
-0.239145241725006,-0.30827935738359463,5
-0.03516181599175417,-0.2017640510824647,7
-0.33325089067515373,-0.30316226740360463,7
-0.45337791479775774,-0.12133267070165799,6
-0.32295939343378377,-0.05142062663902876,5
-0.2191003714836355,-0.19500644022182467,6
-0.410878594498443,-0.06191417139984103,5
-0.3353290394817197,-0.37863188020755706,5
-0.5001088605260459,-0.24700174551996598,7
-0.018980905680376258,-0.37511581773073704,6
-0.5001088605260459,-0.24700174551996598,7
-0.47818433252158526,-0.07823908885344122,5
-0.44125911263908163,-0.042231756379017646,5
0.12667039450842443,-0.577497885027203,7
-0.15384707227236924,0.04386948190144933,5
-0.29180917436314135,-0.09840358732355058,6
-0.040908309027237744,-0.3821432735860923,6
-0.330039555449575,-0.03246235793031243,5
-0.4031751655888232,-0.3775494001415692,6
-0.15131367970835033,-0.4101806385804022,7
-0.20095817042326505,-0.5221411765182827,6
0.12667039450842443,-0.577497885027203,7
0.055856632384914846,-0.5592895001797288,6
-0.17513097675166228,-0.07520347856288236,6
-0.3018290876859585,-0.13533440490666773,6
-0.46199859177865005,-0.30124236108663754,6
-0.3018290876859585,-0.13533440490666773,6
-0.3018290876859585,-0.13533440490666773,6
-0.30247954637877,0.032077371653656706,5
-0.24158139317666186,-0.004608847671620363,6
-0.30989150787940134,0.0256665718442635,6
-0.2987416114715143,0.1289411347077229,6
-0.3042360277022992,0.03575031667680806,6
-0.3065647739423855,-0.09619036951268582,7
0.43278883551680275,-0.15470526312841287,8
-0.46199859177865005,-0.30124236108663754,6
-0.3806431500920396,0.08363915443214229,5
-0.37370706490499506,0.0849669556603154,5
-0.44212635369681197,-0.08317680791628378,5
-0.11197316986938233,-0.1951982129146163,7
-0.32497233710324347,0.16260592108816774,5
-0.24778814580895875,-0.12177483290776378,6
-0.24778814580895875,-0.12177483290776378,6
-0.3318402502732655,0.04414202146016218,5
-0.32497233710324347,0.16260592108816774,5
-0.09350954833501456,0.13887747240515355,6
-0.38019070265730887,-0.11811002135405316,6
-0.33758204495438965,-0.10015920132779925,6
-0.3526633075384178,0.07273599028355186,5
-0.15524535272906662,-0.04895193537888949,6
-0.2175619882412369,-0.06968349205896579,6
-0.3098874085444325,-0.10440163824265636,7
-0.10945589758899701,-0.15771976104449786,6
-0.39852277696899185,-0.03225439294899788,4
-0.33932777703366956,0.08490425501463807,6
-0.33932777703366956,0.08490425501463807,5
-0.29105491728970767,0.054727582070956175,5
-0.09331260831900577,-0.268030941147435,7
-0.3515974232116984,0.042303107297568164,5
-0.4180037080419923,-0.38425242499832657,5
-0.05386329932648951,-0.10849011778746703,6
-0.11276620140478281,0.20703239396849457,5
-0.3070310650063808,-0.16626744875900165,6
-0.16783107884608994,0.14975818533130905,5
-0.02739575588521162,-0.17001236677565731,7
0.1536524100417787,0.0880419508915291,7
-0.09973012961191959,0.18078084361460756,5
-0.14696662462924656,-0.35958390385219585,7
-0.09973012961191959,0.18078084361460756,5
0.1536524100417787,0.0880419508915291,7
0.036625098441540015,0.18258902353020276,6
-0.285275664250781,0.01752787367954286,6
-0.3591330134842076,0.05591866135782458,5
-0.378067504958981,-0.0993718050481011,6
-0.14696662462924656,-0.35958390385219585,7
-0.35521586411674727,0.10159476853586623,5
0.050797782467937015,-0.2819546380144,6
-0.47945045666749087,0.048076746813270066,5
-0.35539050140925,-0.30877607326648965,6
-0.47945045666749087,0.048076746813270066,5
-0.18528380801585603,0.07780683814309715,6
-0.21760570559565445,-0.14480036631458465,6
-0.35539050140925,-0.30877607326648965,6
-0.28333544430716945,0.012552025083806371,5
-0.4053495829345315,-0.36410736964972185,8
-0.24374185742364646,-0.22836849085955468,6
-0.4762981985033849,-0.3445100371850494,7
-0.046389799874688414,-0.08397272599998246,7
0.3602618643308142,-0.14623039627592774,7
-0.33169273054846937,0.03162736403006856,6
-0.340935216093019,-0.21817778001910176,5
-0.09586344776292714,-0.1526319366529539,5
-0.2445797575452608,0.037919406498,6
-0.3259146578342269,-0.1255348907873308,6
-0.3259146578342269,-0.1255348907873308,6
-0.34366220322611085,-0.46114673021051394,6
-0.18461437527172153,0.10768926903816058,6
-0.2331672728636685,-0.1856578891059917,7
0.03370970748831976,0.09231551723312527,5
0.03951638904925642,-0.2703778882729818,8
-0.27074271025690694,0.07418360909730423,5
-0.368146416657273,0.061439456338673946,5
-0.2331672728636685,-0.1856578891059917,7
-0.4999890886910233,0.045212329533995926,3
-0.1163660101019823,-0.0013538083088618085,6
-0.3690833476322921,0.051751828578400993,5
-0.08037392458437889,-0.11131603840114393,5
-0.4111813822567441,0.056706829402009315,5
-0.4521909049564628,-0.16864234037392276,6
-0.3269661583831287,-0.15359520369026944,5
-0.1534194122723168,-0.21683209604753895,6
0.36438222081325694,-0.30171710714225053,6
-0.46936964539107,-0.025000955777575627,6
-0.2100425956846476,0.060460555043530456,5
-0.36637208000300897,-0.1431038430032358,5
-0.09249782263323839,-0.16769330873408575,6
-0.31520274367668744,-0.2685618913026527,6
-0.14820022474122913,-0.16548792041536356,5
-0.32419528109592377,-0.23828352889352658,6
-0.3472490637291081,-0.05422067777195941,5
-0.301788282563794,-0.030329551331846376,5
-0.09333000481346486,-0.4947370436953584,6
-0.3472490637291081,-0.05422067777195941,5
-0.3060760383908315,-0.10447933708534657,6
-0.5668135346938935,-0.1307470701145166,5
0.013985511190852925,-0.4033323371021182,8
-0.3556929492967593,-0.4812032978114309,5
-0.35378961839774653,-0.4905735308090977,5
0.0755993463745235,-0.3029159870577034,6
-0.33028750129623724,0.09106252748047926,5
-0.33028750129623724,0.09106252748047926,5
-0.3639924531027097,0.11745677433997154,6
-0.23895310064262382,-0.30511053762682677,7
-0.24311973367024758,-0.07661322211997378,6
-0.22840045039873824,-0.04339493433087026,6
0.2785313390912497,-0.26229469011704026,7
0.31975378532727716,-0.3744580668211847,7
-0.14382447729952372,-0.09739328150879882,6
0.1049743306530272,0.0696637407951969,6
-0.1775355080327346,-0.11722324074195214,8
-0.3515131121094152,0.11213419914729193,6
-0.046670547527889523,-0.15866318428068305,5
-0.1775355080327346,-0.11722324074195214,8
-0.14382447729952372,-0.09739328150879882,6
-0.3515131121094152,0.11213419914729193,6
-0.10603632701702279,-0.3664959854296177,7
-0.10603632701702279,-0.3664959854296177,7
-0.10371115198427316,-0.4711202883845336,7
-0.10263008367929122,-0.46165254360446456,7
0.04927971224449989,-0.3123031188060752,7
-0.09685778658295252,-0.4135024213664833,7
-0.43359873139674826,-0.11517088852826564,6
-0.3576798451898642,-0.06832776018721234,6
-0.229070474991576,-0.2418126422881272,7
-0.3954138617886424,-0.07139937159700424,5
-0.3576798451898642,-0.06832776018721234,6
-0.34720533527247277,-0.2643838851159529,6
-0.10960195398254344,-0.20560591360256328,7
-0.10960195398254344,-0.20560591360256328,7
-0.39028778243427514,-0.45262861549176897,5
-0.22220303397052002,-0.24732354320787864,6
-0.506045169584328,0.007381194170362223,3
-0.07098963625893397,-0.14950280783734907,6
-0.048589854597115255,-0.12169167465515371,5
-0.19545813310560559,-0.16350547086153605,6
-0.3132391557299843,0.14445645614209654,5
-0.19199679837949366,-0.26280961101055533,5
-0.3641692857337546,0.08019646485919751,5
-0.32794634551334184,0.011645089620918137,5
-0.37967375766897893,-0.06200051378430696,5
-0.048589854597115255,-0.12169167465515371,5
0.02528855711121963,-0.1170268411579557,6
-0.4022232148634144,-0.004616466426993208,6
-0.3770909572543976,0.007979798122874162,5
-0.21457389095712498,-0.16565673826951602,6
-0.39987143194556635,-0.08314917241332034,5
-0.39987143194556635,-0.08314917241332034,5
0.13226950706573468,-0.18049369098880694,6
-0.3869664144606728,0.038437087534161474,6
-0.21457389095712498,-0.16565673826951602,6
-0.3770909572543976,0.007979798122874162,5
-0.1140579033480622,-0.0945433514727003,6
-0.26286954484288455,-0.2153770435547903,7
-0.2610120588776149,-0.09771062801358625,5
-0.3580529049571806,-0.020876693705689845,5
-0.2211306377491304,-0.17818971120529292,6
-0.28474983207445775,-0.009224889020632942,5
-0.29034432215229883,-0.25402480527972665,6
-0.5971305895290336,-0.3011375689440559,6
-0.4333248454841382,-0.010516902981505859,5
-0.27082918515183413,-0.006622202060299685,6
-0.20339594506792114,-0.25615896106830627,6
-0.3322511545706334,-0.2176482338239221,6
-0.32763215590882805,0.06207751533165915,6
-0.23574291261235056,0.145958043287815,6
-0.2909916283457118,-0.12101920701845094,6
-0.3080478896336031,-0.16728729250619706,6
0.23103706164150886,0.20067914542381385,5
-0.4812501206208659,-0.40229618628658964,5
-0.4812501206208659,-0.40229618628658964,5
-0.2923116294568643,-0.16180530603795212,6
-0.4812501206208659,-0.40229618628658964,5
-0.2923116294568643,-0.16180530603795212,6
-0.19014741459174803,-0.23042279523394424,6
-0.26401881684882095,-0.10497973368529553,5
-0.37366465554587197,0.07124212924497138,5
-0.42234004810677944,-0.031812067055626836,5
-0.23111486214069255,0.05161869030290423,6
-0.19014741459174803,-0.23042279523394424,6
-0.26401881684882095,-0.10497973368529553,5
-0.4165843584968003,0.08654883379937246,6
-0.4165843584968003,0.08654883379937246,6
-0.22007937409315895,-0.16603845805558287,6
0.1330076254695404,0.1438705415812406,6
-0.22485770728026847,-0.3077066601871325,6
0.1330076254695404,0.1438705415812406,6
-0.2810570833368028,-0.05961520392316398,5
-0.37864829690008067,0.08114687276067185,4
-0.3520547456842157,-0.11021347975756103,6
-0.3156869979116506,-0.20943768607481822,6
-0.283831271955342,0.13051003724160468,4
-0.34276634839253134,0.0695001165592479,5
-0.3182331875853346,0.050271133744328705,5
-0.34844857104938565,0.05673428645490558,6
-0.4640249479006392,0.09593471394334757,5
-0.4640249479006392,0.09593471394334757,5
-0.4859397384163862,0.12101871818196397,5
-0.3519240146901098,-0.15571198800427058,7
-0.28888657508697857,-0.1598493352719795,7
-0.26590592238862676,0.10276473040977596,6
-0.21558749635326982,-0.4738554354891534,7
-0.30822210489018526,0.08865787906475998,5
0.5602816043990041,-0.06857265160297876,8
-0.2575966323971638,-0.22820582299684097,7
-0.3383727478373164,0.09915381547395911,5
0.07847894554583601,0.013398105839485851,6
-0.3383727478373164,0.09915381547395911,5
-0.4755429720837159,0.06418785729070824,5
-0.31094202301290863,0.17214458726930024,5
-0.43680153912211445,0.06079563815670818,5
-0.47133132930095756,-0.06767002211003721,6
-0.33788261654276414,-0.08304607719829982,6
-0.30010762388745166,0.11970554383220762,6
-0.48987554029102376,-0.18355827397582883,6
-0.24505420475457004,0.15113321725898948,4
-0.5265434923489369,-0.014503294704352078,6
-0.34445520362354465,0.14726559870912273,5
-0.5265434923489369,-0.014503294704352078,6
-0.4151983736923493,0.006205534880401866,6
-0.3761334719460239,0.09220666811654168,6
0.04880412344650734,-0.21869297329653065,7
-0.26017456173265996,0.07917142982376836,6
-0.4379129161319651,-0.07048265988142724,6
0.1776049257326658,0.11149100734437987,6
-0.35876064051026646,0.1652931758380653,5
-0.5263589670957203,-0.07486076236884896,5
-0.21231233088983534,0.07721994816774296,6
-0.20200662165319958,-0.06134687529801563,5
-0.1780355024181181,-0.7916042305206694,6
-0.34031518340181577,0.15228488114398095,5
-0.34031518340181577,0.15228488114398095,5
-0.3232992333702865,-0.3884916492265877,6
-0.410081750922111,-0.17392476943292282,5
-0.4060898418947329,-0.210872435459831,5
-0.33198815561602085,0.06066722463615967,5
-0.32745584142141004,0.05756694663133173,5
-0.36184202023453166,0.03848490257388275,5
0.1274493459834865,-0.29947905858024704,6
-0.2775897101218295,-0.00538136340641133,5
-0.2775897101218295,-0.00538136340641133,5
-0.4017520021806266,0.18029795450907485,5
-0.4017520021806266,0.18029795450907485,5
-0.34273275201246106,0.07321771897475,6
-0.30454310134072554,0.05257924260472171,5
-0.34273275201246106,0.07321771897475,6
-0.37630620533879106,0.012207911020786884,5
-0.16292419797488147,0.07585851470527213,6
-0.25406351432580976,-0.03294139383410863,4
-0.27547905445500076,0.09548590372871466,5
-0.21693692491468927,0.12080166065764818,5
-0.3664807702770626,0.10277368394182725,5
-0.36236414358761715,0.10428436277764302,5
-0.16565059748963273,0.040948500804778,7
-0.06271896589521087,-0.7090191123715109,6
-0.362502371640702,0.0878467642016701,5
-0.33739965040531494,0.10758924397754747,5
-0.362502371640702,0.0878467642016701,5
-0.33739965040531494,0.10758924397754747,5
-0.362502371640702,0.0878467642016701,5
-0.2578956218970949,-0.002232488271843198,7
-0.20531311909431407,0.07834040027290907,5
-0.12115943569548378,0.03636297460980454,4
-0.055629309886568765,-0.045048266452540564,7
-0.04172466197325487,-0.034299810158275865,6
-0.46491485816112904,-0.06197805362223376,5
-0.2637669134783267,-0.0628666365424953,5
0.20620839080810394,-0.5321739630392496,5
-0.12489806201812133,-0.10050486778667223,6
-0.4089304345979589,0.07537937198949923,5
-0.47733693952055245,-0.04818014113324207,5
-0.46491485816112904,-0.06197805362223376,5
-0.32428935557477495,-0.24458197168177398,7
-0.2433238696346623,-0.0964196978884304,6
-0.11221750662521707,0.08533705620680075,4
-0.2433238696346623,-0.0964196978884304,6
-0.35996330982522795,0.07192553143304951,5
-0.25161419980072963,0.026138154773344083,6
-0.27046723202608736,-0.2617098584357826,6
-0.4155206107933946,-0.1810238312348525,5
-0.36936709468129747,0.015200689551098703,5
-0.3655945258024404,0.014082023967466948,6
-0.4706597974221601,-0.15483887444475594,6
-0.16806042043048156,-0.03966887667688536,5
-0.4706597974221601,-0.15483887444475594,6
-0.2057540589894155,0.0712277773270205,5
-0.32386183764464066,0.10303291397871424,5
-0.38490001608013436,0.05460859823544949,5
-0.32386183764464066,0.10303291397871424,5
-0.41284696596690784,-0.09127992554361918,6
-0.28736642976817867,-0.02968064044690594,5
-0.41284696596690784,-0.09127992554361918,6
-0.28864355646199913,0.1875554618076451,5
-0.2648298541150133,0.1795463484735054,5
-0.34641142998567753,0.04428834544619432,5
-0.534467837590849,0.022027928871625153,5
-0.23481119513845397,0.10380091764205635,6
-0.30995847252308517,0.11775135548697349,5
-0.0937772985914135,0.056917724218263785,5
-0.3759947715319023,0.14082039639170393,5
-0.0937772985914135,0.056917724218263785,5
-0.28783285167978695,0.16897865292918113,5
-0.3994240386169839,0.03285788366722755,5
-0.2620409580632878,0.23671046420940212,5
-0.22994239126362165,-0.3432554213779178,5
-0.06721274059328364,0.22863786575324685,3
-0.34625202820857715,0.15790545666067796,5
-0.3399706384020165,-0.5726708863239846,5
-0.3513870955897826,0.06524122918032911,5
-0.3557475228909178,0.06818302787825732,5
0.45094792664490124,0.19430170529666818,6
-0.23619036625106102,0.11016409048114044,6
-0.23619036625106102,0.11016409048114044,6
-0.412613767811288,0.08635143223319323,5
-0.2844538555744113,-0.11750077161486966,6
-0.35985101800152614,-0.04805208706425584,6
-0.23619036625106102,0.11016409048114044,6
-0.23661677859800212,0.11739370338211254,6
-0.2630362006210575,0.0058374325896265525,4
-0.3297551837228831,0.10373550939900472,4
-0.34193002793947663,0.15118683704978086,5
-0.17806053740751354,0.21948786686347468,5
-0.17310849589062344,0.14316314655964119,5
-0.0037940669905098447,-0.007178918133289518,6
-0.2974488013508497,-0.020936671610832933,6
-0.3691109958537378,-0.059627403468893454,5
-0.38746485038117895,0.07477243008688034,5
-0.3994535269458399,0.188048065699423,5
-0.3395501326574918,0.19871924262308077,5
-0.32894027693119915,0.11633147845068781,5
-0.3293151915527932,0.18531395958648775,6
-0.3395501326574918,0.19871924262308077,5
-0.26402763111806166,0.044103187252522415,5
-0.3574407247684656,0.15239241017000615,5
-0.2836374862956606,0.1945059167292773,5
-0.3574407247684656,0.15239241017000615,5
-0.429263441716698,0.041577067262828664,5
-0.25962017810467436,0.027722025364799594,5
-0.1590476784062179,-0.8727094288159464,5
0.01755097438809737,0.12528455048390424,4
-0.24360688968593525,0.06754854248564125,5
-0.17782705794203715,-0.06642569202735232,6
-0.22746775733596786,0.09985470830551944,5
-0.22746775733596786,0.09985470830551944,5
0.21031199145447932,0.16171356155653868,6
-0.35540224400014475,-0.05804462721800177,5
-0.180075209416164,0.08017504998455156,5
-0.26409147430533747,0.2196730699731149,5
-0.26409539852277825,0.18793539056919184,5
-0.3295103937113677,0.1402750702077827,5
-0.29013567769501103,0.15151748594183947,5
-0.29013567769501103,0.15151748594183947,5
-0.38303609104616454,0.10361370211659962,6
-0.4288509166880116,0.01682809719054613,5
-0.3805203620071456,0.08976263924147002,5
0.01279897716282235,-0.011083790829741284,6
-0.35801549165400026,0.054304720717908275,5
-0.2721372604064131,0.13463083039385218,5
-0.4375733693290358,-0.015735029507325166,5
-0.47309589491008125,0.02499031736814123,5
-0.23118186033063412,0.07992908373220872,6
-0.3888289394400804,0.18707648435788868,6
-0.3558193251023869,0.16548227905004698,5
-0.21996276301971376,0.08414410891447276,6
-0.23118186033063412,0.07992908373220872,6
-0.3469013718552047,0.10494761318268087,5
-0.3469013718552047,0.10494761318268087,5
-0.3102385326721218,0.11423352632962927,5
-0.3469013718552047,0.10494761318268087,5
-0.2678494242023508,-0.4377644780915415,6
-0.06787607755291679,0.2635897542049531,6
0.038503671775575725,0.2614725054895923,6
-0.2764436029605133,0.12991654462818034,5
-0.2764436029605133,0.12991654462818034,5
-0.4101938339825846,0.09047270479874371,5
-0.3311295428012965,0.05560693062961313,5
-0.34415136871779345,0.1815929891611121,5
-0.2546304735368091,0.12016096943735392,6
-0.34415136871779345,0.1815929891611121,5
-0.37700178729224115,0.10100585787879589,6
-0.378557304606864,0.10816595445389679,6
-0.3688712916259055,0.05618917923802766,5
-0.34956503199250477,0.10738757992319109,5
-0.23403770855406478,0.2337061386675189,6
-0.25335264328256973,0.1720126504189674,5
-0.23403770855406478,0.2337061386675189,6
-0.348547510026361,0.10816507138424888,5
-0.35201476452763986,0.10323917543127205,5
-0.2341882467536708,-0.2111571771369336,6
-0.2320344248882188,-0.19519553254941688,6
-0.18366688273038728,0.23557703682012565,5
-0.139377078139703,0.10440874390933988,6
-0.14099800515805308,0.11255168725956001,6
-0.21308632356959967,0.04506206122374995,5
-0.22481824249721932,0.1600765801490381,5
-0.28591049439760896,0.09907062053612116,6
-0.15930885181185345,0.1982697587923421,5
-0.29139596067136553,0.12766899207930055,5
-0.15930885181185345,0.1982697587923421,5
-0.21271052519521352,0.1896016192820134,5
-0.3827642200977818,0.10160273881228442,5
-0.3827642200977818,0.10160273881228442,5
-0.36610313211870404,-0.0007005005561594204,6
-0.36610313211870404,-0.0007005005561594204,6
-0.4174500549353288,0.04305763586180923,5
-0.2489367247825069,0.024388495359610268,6
-0.36187246655657623,0.07750559869979698,5
-0.2404002585218234,0.15541248563840765,6
-0.11535556025125537,0.0965815140330972,5
0.060017636915904816,-0.07215533888418028,6
-0.22529248208387226,-0.6439474237044763,5
-0.32726890042241036,-0.14839836602103135,5
-0.028554456565829407,-0.19237715634201605,7
-0.2710865042880704,0.05970385442517339,6
-0.2710865042880704,0.05970385442517339,6
-0.3047162325560918,0.14292281871298612,5
-0.30965930897653016,0.14320108159650113,5
0.4545424361663212,-0.27334764259796956,7
-0.28926021086217824,0.0011590833047284829,6
-0.2609311898133024,0.07331981551723764,6
0.2776700342619338,-0.14956714250104178,7
0.21685497215257127,-0.1727536255359974,7
0.2776700342619338,-0.14956714250104178,7
-0.27662639023588,-0.15197027188528123,5
-0.2419891533500956,0.0475279065992577,6
-0.15691647122796815,0.15158027955961095,5
-0.3383143414722065,-0.2084709410379748,6
-0.2073481726009082,-0.12457264750423924,5
0.06382681408131412,0.09154398896155333,4
-0.21202060254896513,-0.23054703429225737,6
-0.2073481726009082,-0.12457264750423924,5
-0.2807666289601815,-0.002477860402639116,6
0.07690290919442856,-0.16086544918102635,6
-0.30149004844490673,0.2021053270881008,5
-0.4132700268756952,0.07534047726861726,5
-0.21611713720079798,0.1073292046621818,5
0.5635439677491166,-0.07345005099419907,7
-0.17591863289559706,0.18313270450613142,5
-0.17591863289559706,0.18313270450613142,5
-0.23589898561292338,0.07443700768431333,5
-0.14306300883291714,0.14722499102278178,5
0.0007027685874020928,0.04096681587133085,7
-0.14306300883291714,0.14722499102278178,5
0.28621433377958166,-0.11876164387127,8
0.16858812209259472,0.00490016888796536,6
-0.10373363967224297,0.09972283669312722,4
0.16858812209259472,0.00490016888796536,6
-0.23383380846562724,-0.14126926727386588,3
-0.23585546894239498,-0.14173010448374998,4
-0.31580960394658064,0.19341845831571008,5
-0.2813017716708072,0.20639786917604258,5
0.17771439130691263,0.16437771042257815,7
0.17771439130691263,0.16437771042257815,7
-0.05557091675899933,-0.24692230291209963,7
-0.20052985503406848,0.23442253562987747,5
-0.0032582840338470608,-0.24660813604583345,7
-0.12504730471363415,0.10263355704780679,5
-0.14100797067874343,-0.13236134705188302,6
-0.26927760959734454,0.07467839256913644,5
-0.09860998061873806,-0.23689559098389082,6
-0.15746325470705846,0.16405124334854015,5
-0.15746325470705846,0.16405124334854015,5
-0.20424459864523864,0.07454785981489005,6
-0.15746325470705846,0.16405124334854015,5
-0.16049961446100894,0.15940754145925268,5
-0.30886891373704584,0.1139791432256172,5
-0.30886891373704584,0.1139791432256172,5
-0.23906317747427117,-0.4240572996240033,5
-0.036292103533049194,-0.009938727511649785,6
-0.036292103533049194,-0.009938727511649785,6
0.1208813930330051,-0.010577686227979359,7
-0.036292103533049194,-0.009938727511649785,6
0.03359045749044417,-0.11325908758675475,7
-0.19867142618269643,-0.10788688565648712,7
0.11683588721705822,-0.1371378019378376,6
-0.2631564965866708,0.2178803251799709,5
0.19511987089558364,0.1795176841133147,6
-0.22192530809479338,0.14310446799928767,5
-0.24661107035082136,0.21653697925055124,5
-0.2631564965866708,0.2178803251799709,5
-0.24548656378504002,0.20975822230959418,5
0.13444564706544845,-0.1481486481819543,6
0.12307470701212876,-0.15739939965410743,6
0.11683588721705822,-0.1371378019378376,6
-0.033356240968065845,0.06095870950655542,6
0.14254178423197417,0.06731526789929931,6
-0.03205754900906606,0.1816073650885492,5
-0.15978802229783,0.18272234884605837,4
-0.07730879548699102,-0.002227360922225586,7
-0.06888920450693084,-0.1741192311441841,7
0.05564214948493048,-0.20169566772175096,7
-0.032039570849730914,0.0968232837668161,4
0.14254178423197417,0.06731526789929931,6
-0.3231219221945976,0.08840262713752144,6
-0.2549655187207677,0.22006063747507804,5
-0.26060812028310576,0.09638889328450968,5
0.0615114314319601,0.04647052983614961,6
0.08906782185477373,-0.2443788425101207,6
-0.2549655187207677,0.22006063747507804,5
-0.3231219221945976,0.08840262713752144,6
-0.22923970187089177,0.005421825003195799,5
-0.24583920231772266,-0.004257172846888898,6
0.05911705498846067,-0.29744583707925076,7
0.017552198878735333,0.11242707147547583,6
-0.5481381083235671,-0.10721536792235006,5
-0.13636502977982906,0.15299870967671098,5
-0.23118524551675823,0.19911383797957127,5
-0.35303900677246725,0.006413012947982249,6
-0.23118524551675823,0.19911383797957127,5
-0.220325154361264,0.18777392303062831,6
-0.0648315947888075,0.11459972667245873,6
0.21729107497690056,-0.21209012086935997,7
-0.0648315947888075,0.11459972667245873,6
0.21729107497690056,-0.21209012086935997,7
-0.2042863445324511,0.15283745507960225,3
0.08094345557019869,-0.056703377382253485,5
-0.06858570564573187,0.07853138582337145,7
-0.06858570564573187,0.07853138582337145,7
-0.08887994790225999,0.08920891476788997,7
-0.08887994790225999,0.08920891476788997,7
-0.3544183599968561,0.046518577956544176,5
-0.04880030656067182,-0.038180978194912396,5
0.09710311432401944,0.18612927753539926,6
-0.03689943676550998,0.1078475815193098,6
0.0781491066432304,0.07213473935845516,6
0.1453112339205116,-0.12158088799739057,6
-0.2788031206558085,-0.07562058245543159,6
0.026783012888870025,-0.06432379838151188,6
0.03259480195550713,-0.10924582136430691,7
0.0781491066432304,0.07213473935845516,6
0.0731460644197518,-0.10757858232235085,6
0.11361080716203682,0.1800405297650112,5
-0.25822189829416026,0.04680074957978019,6
-0.07333190356535872,-0.09462219237186231,6
0.16543609373973436,-0.2569150785009446,6
-0.25739138651270227,0.026310388633093734,5
-0.07333190356535872,-0.09462219237186231,6
0.16543609373973436,-0.2569150785009446,6
-0.25822189829416026,0.04680074957978019,6
0.0014006433602728405,-0.23709402689399214,5
0.04206439886652289,-0.1473324657012796,7
-0.13992894429898714,-0.1444123175362687,6
-0.36139396213687225,0.055630858472907746,4
0.0014006433602728405,-0.23709402689399214,5
0.13458621340138757,-0.15140463151415665,7
-0.06212193182659226,0.11510547842575569,5
-0.22109694623261855,0.11271483448565539,5
-0.25429713888178085,0.16239977033985026,6
-0.22109694623261855,0.11271483448565539,5
-0.06212193182659226,0.11510547842575569,5
0.09695209137247622,-0.08824306010955076,6
0.09695209137247622,-0.08824306010955076,6
-0.3069083594372952,-0.0883248398788698,4
0.2966590019280199,-0.16891578733068038,7
0.11840933433684832,0.2046178932895952,5
0.18540627376845714,-0.1751498913266417,7
0.0866270817396456,-0.04963575598141626,7
-0.316855369510377,-0.029923082871686563,7
-0.35965648097986685,0.024119594374406823,7
0.09415291310347573,-0.09128064496021722,7
-0.0521704718134032,-0.24580588180130233,7
0.054163644895042835,-0.4225983744605897,7
0.1646483001636923,-0.09031931128709655,7
0.12194807723630675,-0.12236533919025559,7
0.12194807723630675,-0.12236533919025559,7
0.12194807723630675,-0.12236533919025559,7
0.1646483001636923,-0.09031931128709655,7
-0.004748552768244982,-0.055211996199077525,7
0.1088669178045813,-0.17016605905333607,7
0.1042399408491008,0.07028069989359838,6
-0.13996325921696406,0.016626855946562744,5
-0.02761397116256944,-0.010049131438073523,6
-0.09041115332857187,0.02176877700687583,6
0.07285357095190441,-0.005097183114666769,7
-0.23867821602498623,0.07809717518917403,5
-0.003153827861894015,-0.29134196698416476,6
-0.26433298081866835,0.07939348585526884,5
-0.2266705196398578,0.05781275033420525,5
-0.05524707606729072,-0.14868481017898763,6
-0.003153827861894015,-0.29134196698416476,6
0.025327079517413968,-0.20351473284470506,6
-0.04293092332323487,-0.1064131530364376,7
-0.39570054694367734,0.10578890734672407,5
0.10730903180985339,-0.09186632080577133,6
-0.1574566372109278,0.12404705123648174,5
-0.07893223486743454,-0.22572222350004192,6
-0.07893223486743454,-0.22572222350004192,6
-0.05047933869431558,-0.10840971948481674,7
-0.04824991568293247,0.11723583764988706,5
0.014519517295970114,-0.07206290819317586,7
-0.27587720479786826,0.21120104291131084,5
-0.27587720479786826,0.21120104291131084,5
-0.42208428163160544,0.09424629582255299,5
0.0010754946232444471,0.09732801666956019,7
-0.236887429247126,-0.07089286775090063,5
-0.19402169584934034,-0.05968398895549267,6
-0.2567508290034173,0.018588699713094122,5
0.2951798535623128,-0.2649872165971452,6
-0.19402169584934034,-0.05968398895549267,6
-0.236887429247126,-0.07089286775090063,5
0.005152753954682123,0.09395308209265991,6
-0.022510475715889985,-0.00701228489474142,7
-0.27664027589103146,0.2249009712649954,5
-0.31327896041235326,0.12262466389903662,5
-0.1465925619811483,0.023315526185897162,6
-0.31327896041235326,0.12262466389903662,5
-0.2780094104877585,0.2412214216587098,5
-0.2423676681928526,0.22206640335573788,6
-0.2780094104877585,0.2412214216587098,5
-0.4521291736362944,0.11079021974555114,5
-0.19954517254761275,0.0843213045118848,6
0.3455298300723901,0.09750822082585928,7
0.3455298300723901,0.09750822082585928,7
-0.33441961958781513,0.13083113045522607,6
0.35907169868742633,0.06956332981434588,6
0.10237389406201995,-0.040603671631518345,7
-0.12248242735467516,-0.19160757504501438,7
0.09549262972726141,-0.26389309125388466,7
0.2756710369346243,0.002791959824292685,7
-0.19367958476551644,0.08096366769060938,5
0.2756710369346243,0.002791959824292685,7
0.09549262972726141,-0.26389309125388466,7
0.09549262972726141,-0.26389309125388466,7
0.062070492100061075,-0.16475898267075414,7
-0.17315492746585606,-0.12315783615986256,5
0.15550123853549683,-0.02388677895290933,7
-0.18764510477163512,0.032108560693041875,6
-0.24391536366802144,0.13238028548684624,5
-0.19263972488601555,0.1234222172697544,6
-0.019333643394056403,-0.004498938545366819,6
-0.046933915043251236,-0.35386700273786537,6
0.18909191225916622,-0.22115322306105142,7
0.2316994118712741,-0.11019389796850979,6
0.2316994118712741,-0.11019389796850979,6
-0.09904984526921735,0.15049084680836186,5
-0.05582890892326955,-0.0319671128378564,6
-0.05582890892326955,-0.0319671128378564,6
-0.1348154853874639,0.12003625804210177,5
0.08534848474656453,-0.025035848337734982,6
-0.13045820640309377,0.09176636507574887,7
-0.25023868752713413,0.039025798069704604,6
0.23155143282355617,0.02663093650582786,6
0.12309196038757068,0.1572683029288781,5
-0.1717949970109229,0.14961061666591155,6
-0.13045820640309377,0.09176636507574887,7
0.0469797460752886,0.0984368894105506,7
-0.034084002240839795,0.06696509960411443,7
-0.344496861843723,0.1391292150753118,5
-0.15080840709772467,0.06061360637469516,6
-0.34023710855607553,0.12175054558739318,6
-0.19639100177676952,-0.07894802972455828,7
0.18081003827269024,-0.08632971193172213,7
-0.29930303735985303,0.156695552468538,5
0.16286608051775914,-0.25740411309154126,7
-0.04956428102249826,-0.19517169895147668,6
-0.1491449516154581,0.12431784711033184,5
-0.15610597018274083,0.0955944645956237,6
-0.04956428102249826,-0.19517169895147668,6
-0.1785939613771758,-0.2023247257975711,7
0.22669224014906825,-0.02212000038880164,6
0.04086095809266413,0.03454763133204216,6
-0.11724601556859833,0.021178413378946853,6
-0.10205834327584341,0.10804985214052995,5
-0.10996985279388821,-0.16752661548620126,6
-0.12492854889311898,-0.1521582885092611,6
-0.10205834327584341,0.10804985214052995,5
-0.2386431978703484,-0.7116986524752977,5
0.3460661546488338,0.09194987802988125,5
0.2681107405267358,-0.18749916184466622,7
-0.38729154704580937,0.0004795259351952238,6
-0.38729154704580937,0.0004795259351952238,6
0.015894528691597066,-0.08474498244151067,7
-0.40526940855681676,0.044829231422372676,5
-0.06481162300549276,-0.23236419749082127,7
0.015894528691597066,-0.08474498244151067,7
-0.3250837137274991,-0.11540815829441095,6
0.1547575973756996,-0.18856245995154836,8
-0.009157791197021432,-0.038238791506689844,6
0.007150767837435866,-0.09510318045658521,6
0.08184754498548309,0.00023659985082502533,6
-0.19074668921390364,0.05420666982844832,6
0.27056330621299846,-0.11576047152583345,7
-0.10438146048368294,-0.33549935696779265,7
-0.10438146048368294,-0.33549935696779265,7
-0.150297535554117,0.005759479245385257,5
0.025487292279996503,-0.31984870946669064,7
-0.4261658889121894,0.03931443455474492,5
-0.2570699747740322,0.1508259205127526,6
-0.18099363437517632,0.04240728268157646,6
-0.4261658889121894,0.03931443455474492,5
-0.15054714404003022,-0.1192938926217699,7
-0.014644565650201603,-0.19773257979626893,6
-0.20791146110105638,-0.006822143959683754,5
-0.20791146110105638,-0.006822143959683754,5
0.0930604169051427,-0.10515668844832857,7
0.001662879505946413,-0.012293910084915078,6
0.0930604169051427,-0.10515668844832857,7
-0.2515363480979443,0.15201189528778938,6
0.07749473519677104,-0.18410759478523825,6
-0.2515363480979443,0.15201189528778938,6
-0.2764253979928149,0.1031188064892314,5
-0.04858638317767325,-0.04430675869742651,7
0.06292469115102096,-0.06529545002817667,6
-0.31018892659395836,-0.22547506747040985,7
-0.31018892659395836,-0.22547506747040985,7
-0.005731168112918591,-0.2080586897107246,8
0.0009814313554503535,0.02345877749400833,6
0.06687264001569855,0.07108104792459591,6
0.10433546496144025,-0.2703430520767154,7
-0.1502659183318478,0.13385897847379544,6
-0.28829860448245737,0.0317778025555199,5
-0.1502659183318478,0.13385897847379544,6
-0.32682229318565237,0.10956238449823763,5
0.22369503865899898,-0.324566251096709,7
-0.32682229318565237,0.10956238449823763,5
0.17489578154178032,-0.31220657536482477,6
0.15883194126753666,-0.02833196628097147,6
0.061414039272783,0.14468546352550646,6
0.15883194126753666,-0.02833196628097147,6
0.2065787225470264,-0.11404391650932298,6
0.2609566496351116,-0.02068086202473465,5
0.13003358123814043,-0.03641581236281852,6
0.09778415350960211,-0.2689945570861938,7
-0.3598743326498699,0.16981120460668125,5
-0.21701069338378565,-0.20830496597975692,6
-0.195342083697848,0.015504964689948855,6
0.27324717329727155,0.14917840396320628,7
0.04824302407523846,-0.07168160812005978,6
-0.33924947428624896,0.007112452606600466,6
0.5171590945729507,-0.07914763465883148,6
-0.014727617159299973,0.04206833530595164,6
-0.014727617159299973,0.04206833530595164,6
-0.014727617159299973,0.04206833530595164,6
0.31841313738565646,-0.03810289112647997,6
0.3465447507408224,0.048065274419189355,5
0.33408091934203477,-0.2435080547297951,8
0.209352699681771,0.06877606926784541,6
0.2506575683251364,0.13676738231710855,6
-0.14117408823373495,-0.13958584971081914,6
0.09277368387569408,0.1321870619409054,4
0.002221939960363821,-0.055333387013284,7
0.4060606632209687,-0.013049158535035006,6
0.14282559614523876,0.10815644413896398,6
-0.31166981025980117,-0.06544338129924904,5
-0.24236121978338918,-0.1022283331517193,6
-0.26106604194070926,-0.055129995611737405,6
-0.15751404615837244,0.2503273096521381,5
0.4274639854861465,-0.3328494706787727,7
-0.06350137490824251,-0.037693457586577266,7
0.08558982530215326,-0.15253704725263412,7
0.1105990080160156,0.014831777135832428,6
-0.11217661047137108,-0.21165193328064769,6
-0.11217661047137108,-0.21165193328064769,6
-0.4069970693604895,0.03190913184456738,5
-0.2997802219073199,0.06537918636877553,6
-0.24391675483048217,0.10097038178137079,6
-0.0375874696815152,-0.2354058206826361,6
0.09974535589721728,-0.03250900228521455,6
-0.07980129370618827,0.030812509760779698,6
-0.13480579798939768,0.1159330467086834,5
-0.06241604284665284,-0.02501878363369215,6
-0.15256638957670138,-0.177025196322653,6
-0.10532268604405204,0.005042003646215089,7
0.06434425872241413,-0.019565463158782093,6
-0.009720871867334273,-0.00871966914980176,6
0.22921780611382117,-0.2257296458111246,7
0.268265733067164,-0.02087911909522018,6
-0.27939129972552346,0.06554547326021143,5
-0.0904667392624656,-0.08009929922040195,6
0.09784687985135827,0.0744550952723962,6
-0.27939129972552346,0.06554547326021143,5
0.10077219958941155,-0.1561011325015112,7
0.42184854336407673,-0.2520100581569941,7
0.08165973545757749,-0.4494909751789861,6
-0.1952543042598815,-0.1192649475642071,5
-0.12912305109465724,-0.18829237679245414,7
-0.1357999991145912,-0.11452225978163312,6
0.07502935364626911,-0.20041054507248154,7
-0.22453989912705968,-0.0015567553223064048,5
-0.22453989912705968,-0.0015567553223064048,5
-0.23921739264587025,-0.5279883129266126,5
-0.24175490575364414,-0.4904753933740974,5
0.19754751831473993,-0.3108110747206177,7
0.09832482624872348,-0.03590337100915439,6
0.032080338274740175,-0.01145795855300509,6
-0.18555428542937047,-0.07378231980551798,6
-0.01019404670659809,0.02672231293495509,6
0.06744998920807027,-0.206835620875018,6
-0.2479172539078205,0.144284894777291,6
-0.2479172539078205,0.144284894777291,6
0.12290560337042629,0.06112985089407251,6
0.003743429967562434,0.21857575897906945,4
0.27871341009039285,-0.0953408029917383,7
0.23703922480508666,0.0848037167407011,5
-0.035381406410644675,-0.1937881112224868,6
-0.035381406410644675,-0.1937881112224868,6
-0.053259558746255785,0.06676967747592094,5
-0.12760049471106064,-0.1680360009233323,6
-0.25392834455746854,0.10725925287649792,5
-0.01915044681664047,-0.02961652340094143,5
0.10799867652876827,0.11427890801469641,6
0.06935039296252266,0.1313289827002028,5
0.10799867652876827,0.11427890801469641,6
-0.01915044681664047,-0.02961652340094143,5
-0.27600115710360373,0.20681158985346543,4
0.042811730708821646,-0.06250399742899546,6
-0.03268050455885952,0.225011595395979,5
0.2786511642643769,-0.128596311447461,7
-0.03268050455885952,0.225011595395979,5
-0.26357829281822204,0.07000959212013091,6
-0.19606952250456508,0.19619547540721524,6
-0.3122675093382247,0.060824620007413274,6
-0.20193617018232615,0.08038427446284109,6
-0.04200313952613007,-0.22476493160627709,6
-0.3122675093382247,0.060824620007413274,6
-0.20193617018232615,0.08038427446284109,6
0.0007413490640020116,0.057417234515595245,7
0.07825899097309012,-0.07292645900460637,8
-0.4235204934973389,0.026820094824718043,5
0.05189186829925553,-0.16020044356999782,7
0.05189186829925553,-0.16020044356999782,7
0.05189186829925553,-0.16020044356999782,7
-0.17128119550449902,-0.23561892970522139,5
0.05189186829925553,-0.16020044356999782,7
0.15284035164313114,-0.1613028614404954,7
-0.0813354966233628,0.06939363669021903,6
-0.24010605845618005,0.10587879562585074,5
-0.0813354966233628,0.06939363669021903,6
-0.17591569336774865,-0.17431748376028675,6
-0.25087483429516877,0.047744973712552825,6
-0.019495743595067127,0.023832476583761128,6
-0.2633690911989217,0.009879954173177953,6
0.16830574409156163,-0.2611090003295988,6
-0.1238951579583494,-0.07026367141329792,6
0.002243699585802712,-0.2365402565681259,6
-0.05830193811137219,-0.19126144519809232,6
-0.05830193811137219,-0.19126144519809232,6
-0.3094604602525729,0.16827210319407432,6
0.032058451951196144,-0.22802893588160694,6
-0.33258458274350977,-0.30091054061794514,6
-0.4434983837280031,0.054233298888831744,5
-0.3683455590151128,0.08319905195212401,5
-0.2958101411138389,-0.04378359339882325,5
0.5246879706383278,-0.05407382004480344,7
-0.2619169844184232,0.10050791476438956,5
0.14719516909086597,-0.15149051922116444,6
-0.08998907182324876,0.04958705525357968,5
-0.2619169844184232,0.10050791476438956,5
-0.31130630927802866,0.15603733033288375,4
0.252767809372512,0.13957454752545836,6
-0.027550743181914,0.024019785871355795,4
-0.28384019203102,0.044907785826826176,6
0.252767809372512,0.13957454752545836,6
-0.3275587688354656,0.2023956747708674,4
0.09287823713766469,0.08691719046504232,4
-0.31244306721790527,0.17641735256950755,5
-0.31465079742139823,0.007114084616206633,5
0.12128715911609547,-0.08069509181723017,6
-0.32462253055336865,0.08613760435890132,5
-0.22645586260246783,0.10464764588343128,6
-0.09080556725606628,0.06724123576082557,5
-0.22777514252481615,0.09353057822915004,5
-0.09080556725606628,0.06724123576082557,5
0.059242958447739615,-0.05950610752864663,6
-0.02165143329909224,0.07224506840876553,6
-0.02165143329909224,0.07224506840876553,6
-0.2367348960321013,0.07862677818846737,5
-0.18867481037616912,0.16640349412869085,5
-0.19727160134500374,0.17781237461873306,5
-0.05662282494561679,-0.007740609550975164,5
0.038436160712613764,0.23411303822974205,5
-0.31939533159620415,0.1666251741642296,5
-0.06924134416123447,-0.06487980896655483,6
0.029488046423493477,0.04937944230648051,6
0.029488046423493477,0.04937944230648051,6
-0.23441566327813856,-0.5648363076474621,5
0.08780924561221945,0.1984618599357443,4
-0.3179494663612612,0.010822753386626615,5
-0.3227638300819365,0.20085650540452352,4
0.13888310639164098,-0.08781666838451226,6
-0.12170148138518161,0.0998194003535619,6
-0.12170148138518161,0.0998194003535619,6
-0.027328725832007447,-0.3627565016715354,6
-0.23776205006099665,0.20447405958109252,6
0.5658032057844933,-0.24378986476754402,8
0.585540811767187,-0.08927327868594524,6
0.1331152097049085,0.06015859822512476,6
0.08101066098460821,0.17661748211072642,5
-0.3065712983646637,0.15603186945333586,5
-0.021530972259304802,0.04936368805091078,6
-0.31287313491410285,0.10559858298853314,6
0.026592307601189854,-0.01555544147394364,4
-0.22730865634088152,0.10853941022168266,6
-0.31287313491410285,0.10559858298853314,6
-0.024879727012439873,-0.05664805109678643,7
-0.10089682170866685,0.05651377947471895,6
-0.10089682170866685,0.05651377947471895,6
-0.07593536114239649,-0.034048659618045804,6
-0.2419461386854194,0.0015080673593485187,6
-0.020409350785090832,0.11179713772550537,5
-0.25573611227794585,-0.01996126485643799,5
0.204008873208355,0.02893750606885124,6
0.19997477479655879,0.07008189771066552,5
-0.1982483429050148,-0.5141798255460353,5
-0.1982483429050148,-0.5141798255460353,5
-0.031704706685199494,0.06289787297457153,5
-0.0783206837116978,-0.12206802828095399,6
0.3014857750210853,0.04564946424426047,6
-0.27010414491513174,0.1795148011231606,4
-0.0783206837116978,-0.12206802828095399,6
-0.28528340315950784,0.1690424506461445,5
-0.28528340315950784,0.1690424506461445,5
0.19567788188121318,-0.013140724335578913,6
0.2792406265412841,0.078222789831158,6
-0.034762818607768614,0.2738218708863123,3
0.29696906368112214,0.16229351324446803,6
0.12624577203141232,0.004000249432553212,6
0.006521528929307968,-0.17830056611678613,6
0.022326147276671208,-0.008440040664634807,5
-0.3314997690104825,0.15509896610174803,5
-0.23634255948991384,0.13642010666113177,5
-0.27199140612096684,0.02300338097015204,5
-0.02793386570012918,0.13703083582537795,4
-0.27199140612096684,0.02300338097015204,5
-0.2768527549242709,0.0961057361352763,5
-0.23634255948991384,0.13642010666113177,5
0.2755204459800123,-0.04702879709707572,6
-0.13119834029526323,0.17286934902117254,5
-0.14972706641696948,0.16638377446136773,6
-0.15130803197436798,0.17387765573655906,6
-0.2381279744800719,0.0786640125012329,6
0.4191578152012834,0.2816137882885522,6
-0.014551355038922475,-0.1829894348838318,6
-0.2381279744800719,0.0786640125012329,6
-0.26471804834533225,-0.740432714146781,6
-0.27461807439052854,-0.02682921401044295,5
0.4191578152012834,0.2816137882885522,6
0.014008070566214493,-0.005664200553964913,5
-0.004534909712442884,-0.2438774855334607,7
-0.04406014279998711,0.09590437996908527,6
-0.04406014279998711,0.09590437996908527,6
-0.04406014279998711,0.09590437996908527,6
-0.04406014279998711,0.09590437996908527,6
-0.24713724994964567,0.1914770607891121,5
-0.23423788795233116,0.1086559894298076,6
-0.23423788795233116,0.1086559894298076,6
-0.33989181350601305,0.1858646414688846,5
-0.30995054019651486,0.12228453415900238,6
-0.3557462020234848,0.08511001003724951,5
-0.1913301738420789,0.17542696234863864,5
0.24351270351641796,-0.07743696480325162,6
-0.19216212909895627,0.2492946239559483,5
-0.19216212909895627,0.2492946239559483,5
-0.19216212909895627,0.2492946239559483,5
-0.10952468032683049,0.1295619495648873,6
-0.10952468032683049,0.1295619495648873,6
-0.10952468032683049,0.1295619495648873,6
-0.14972357920078666,0.1563970217757362,6
-0.10952468032683049,0.1295619495648873,6
-0.28527545499709706,-0.06129343929930413,5
-0.2110517267173474,0.09291553166187613,6
0.0758591947355152,0.14494088124142643,5
-0.27138291624066707,0.260995845517204,5
-0.27138291624066707,0.260995845517204,5
-0.05807503336745289,0.15394760098062682,5
-0.21549806371221453,0.10997118096555529,5
0.11690264827168921,0.07643805091714431,6
-0.21896403897247166,0.18403935351599063,5
-0.21896403897247166,0.18403935351599063,5
-0.18418979950656433,0.16207902337341298,5
-0.14252396759937622,0.2283112264307944,5
-0.14252396759937622,0.2283112264307944,5
-0.012746285435781945,0.1604461636841641,6
-0.330098109486947,0.14586904087518143,5
-0.29239789132459404,-0.10045108753107368,6
-0.17469320353026413,0.015332691024967104,5
-0.23915903565639463,0.1281614596214026,5
-0.29239789132459404,-0.10045108753107368,6
-0.2678675580443008,0.16260448295487082,4
0.08038307837150574,0.11479943922240712,6
-0.3230135575868208,0.010255091164649732,5
-0.24344276130104403,0.13541685233685263,5
-0.07148179873084247,-0.5481806532377242,6
-0.27097135124075666,0.13901607238642574,6
-0.10718852169037278,0.254040348812755,4
-0.2418159553789088,-0.5863665568618144,5
0.1426174613608036,-0.46534958739853505,6
-0.2418159553789088,-0.5863665568618144,5
-0.3367781755105011,0.18051166416913572,5
-0.1701478755225832,0.17599724850070686,3
-0.22811189411802096,0.12369653884629356,5
-0.21613281493623224,0.10883174108547786,5
0.2098555640252953,0.13535703954787595,6
-0.23250622567158377,0.14209970275400546,6
-0.0636155515755854,0.04589323658476948,6
-0.0636155515755854,0.04589323658476948,6
-0.21545583073795765,0.243748877517393,5
-0.2359976364214872,0.1604651329072374,5
-0.2359976364214872,0.1604651329072374,5
-0.2929455469148519,0.12471934088457284,5
-0.3646164107072744,0.18202617263016527,5
-0.24381062541532755,0.10849350952663259,5
-0.24381062541532755,0.10849350952663259,5
-0.1860275956880917,0.0006110372627794198,5
-0.26113624153676046,0.057818271585199726,5
0.307910662128874,0.09191020551222631,6
-0.07742089787080943,0.06734062578853602,5
-0.19638611046595597,0.13577337349576468,5
-0.20834650286388576,0.1534695120898897,5
-0.32084427872003307,0.19818522098206123,5
-0.2927790114717415,0.042617423511558,6
-0.2927790114717415,0.042617423511558,5
-0.22157727853716863,0.13316472714403352,5
-0.1326069715443553,0.1456777746626006,7
0.016503681614235426,-0.03094939637471197,6
-0.24864878993173564,0.1223972887254662,5
-0.24864878993173564,0.1223972887254662,5
0.10805355461638111,-0.1697271371434028,6
-0.08413089127613278,-0.4527081133498224,8
-0.19957876049176357,0.05281404550040617,6
0.07127372187269802,-0.2909868434044167,7
-0.10431409114228614,-0.35410874705486267,6
0.1033946226112886,-0.14749881822789285,6
0.23024226963747565,-0.4547294407903941,7
0.1033946226112886,-0.14749881822789285,6
0.14211272873341915,0.20514597471830234,6
-0.03137842085846186,0.055941797546258505,6
-0.10431409114228614,-0.35410874705486267,6
-0.19984081610385507,-0.3542952963653777,5
-0.38088341227330297,-0.1587477077309309,5
-0.1497433628826256,0.02064133591411532,5
-0.38088341227330297,-0.1587477077309309,5
0.14609876472439867,-0.1729201483292911,7
-0.24028264607431368,0.13731407378188532,5
-0.22946413120162434,0.18142807119213047,5
-0.24028264607431368,0.13731407378188532,5
-0.26995532795452726,0.1316723403405356,5
0.07817113351088854,-0.18127625611722967,6
-0.04746537388968837,0.04981655777543998,4
-0.289245359428134,-0.0274019007023413,6
-0.289245359428134,-0.0274019007023413,6
0.0471638362359874,-0.1006252535580062,6
-0.05459047706649189,0.025204253538335483,5
-0.08522396600764835,-0.005881260226630774,5
0.05208952256013842,-0.29976865828349986,5
-0.10640496834661431,0.07340867180271621,5
-0.22070207402917671,0.1092027214949995,6
0.20572610062489646,-0.15628854826322172,6
-0.08614214218813478,0.011263765819996701,7
-0.5939255481597362,-0.2034833212839484,6
-0.5939255481597362,-0.2034833212839484,6
-0.48998222895746524,-0.012854644814162772,5
-0.012868653917602512,0.17242005363079077,5
-0.16359968761279498,0.20571275059632196,5
-0.032592713331917884,-0.044426173845817755,6
0.03214573363236982,-0.14545605217359148,7
-0.3423575037673009,0.07661691541643309,6
-0.20410244615828083,-0.007327470200089705,5
0.12088648296093008,0.1275877606966467,5
-0.028783367605296463,-0.04645152944311287,6
-0.3394038327714384,0.0750249361012624,6
-0.20410244615828083,-0.007327470200089705,5
-0.2114886019228206,0.008391894040754192,5
-0.20501945431395655,0.019329999222779604,5
0.040106624882872394,-0.1747760441661556,8
0.03214573363236982,-0.14545605217359148,7
-0.09606587043915871,-0.1444851075272949,7
0.16185533139203115,-0.12547057838920467,7
-0.31150391914442804,0.17285503668366478,5
-0.28619342219782595,-0.14905171672664252,6
0.03783341674796538,0.10806938753344487,6
0.014610096641660736,0.15521442560534066,6
-0.31150391914442804,0.17285503668366478,5
-0.11639946012080274,0.08974293688398811,5
0.1556419523466889,-0.2022163030672954,7
-0.16056486584818866,0.024956654860087937,6
-0.13687520226409355,0.1943957629727954,4
-0.11285285298238765,0.10279694648261599,6
-0.0777153422694241,0.11319138517078106,6
-0.16624969786236213,0.08717791230565489,5
-0.16624969786236213,0.08717791230565489,5
-0.24350768666312558,0.0163533225488799,7
-0.05355998246472821,0.14358329080909865,4
-0.24350768666312558,0.0163533225488799,7
-0.28084677120973417,0.11905113390338003,3
-0.35330736340602126,-0.00646534739451134,5
0.23826817795388636,0.071202838936488,5
-0.02588818781465981,-0.12638759253826767,6
0.0513302088268246,0.1281376312245132,5
-0.571145308121321,-0.16337931617185492,5
0.521033903780392,-0.25916806397601894,7
-0.571145308121321,-0.16337931617185492,5
0.5235642018896316,-0.2608088463343527,7
-0.26071002267344584,0.14481381327323942,3
-0.19685213566151377,-0.00916041511455059,5
-0.021146663179200508,0.22999554107403597,4
-0.19685213566151377,-0.00916041511455059,5
-0.21862222728498834,0.08179226353443977,4
-0.07303024766624026,0.056625201208619864,5
-0.01341871677680399,0.10400306559339403,4
-0.21898831365623764,0.15910958305164827,5
-0.11282615333897414,0.10162903894914371,5
0.041072119134162186,-0.0002713735567919934,5
0.16444851810135805,0.22398029373967077,5
0.05873584815583765,-0.03223913945349259,6
0.2137268246258909,0.030439854803703682,6
0.16444851810135805,0.22398029373967077,5
0.20475198170691794,0.15946944887970632,5
-0.2549895414413596,0.07335147827429596,5
-0.06215374420221752,0.060747007628774094,7
0.00041280620983135134,-0.11936066740438826,6
-0.2549895414413596,0.07335147827429596,5
0.07057717542673815,0.04468411602770469,6
-0.03694140109394506,0.15794421385273105,6
0.07057717542673815,0.04468411602770469,6
-0.2195816043061237,0.13984497364208734,5
-0.3252079212468859,0.0867259107116555,5
-0.24317819082948539,0.1304128716824588,5
0.025745482430758783,0.04881802777821048,6
-0.04072314976800092,0.0645266354128934,6
-0.11799982503954089,0.17081842295584096,3
-0.00956088637544789,0.08588448605087301,6
-0.04072314976800092,0.0645266354128934,6
-0.1831599154827923,-0.04783744410202442,6
0.046376782799456256,-0.07436704329059858,5
-0.1633151879579885,0.021835891887227322,6
-0.21111641876782739,0.0818358266918789,5
-0.06418566605737148,0.12385485287939586,6
0.02037706873623332,0.08627315527277594,6
-0.29092209092500626,0.09556230879271958,6
-0.28935815221254063,0.09481127965188056,6
-0.007065249442441943,-0.25518222500350346,5
-0.017416463685110805,-0.10478125880411457,6
-0.15089787629115398,0.02536365315235935,5
-0.16886559608929205,0.13805774250207234,5
-0.017416463685110805,-0.10478125880411457,6
-0.2883180113998642,0.2732125466754621,4
-0.007065249442441943,-0.25518222500350346,5
-0.1058447882251378,0.07827308644675994,5
-0.08063921573437208,-0.03395513480296208,6
-0.1836373103351844,0.07600357257885164,5
-0.20068570966305596,0.058027243429178525,6
-0.04887382482541815,-0.020694934240206634,6
-0.2190997608171259,0.0004923957583290573,6
-0.1421334597663828,0.11966159251134077,6
0.09028922160468247,-0.007352289799053399,6
-0.08351209690133236,0.155438503445901,5
-0.19760988111235964,-0.032769986440069815,6
-0.3164378181186677,0.14103758842049455,5
0.13732180238823102,0.03371763027021538,7
-0.20516940355706434,0.12640532389408182,6
-0.015209808302822229,0.1437154449049326,6
-0.04592271957023727,0.1377355587199164,6
0.14738261630478633,0.07139798705041002,5
-0.16915892596845047,-0.00919180564007877,5
0.04452545174624228,0.08161713016531512,6
-0.05655315121949356,-0.07586429248700523,7
-0.06154014009381769,0.07738630557951748,6
-0.24937650044000095,0.03232998201323441,6
-0.017176192283018317,-0.25445093271166724,7
-0.12210239214237505,0.07116560120997611,6
-0.14107205963863145,0.08627596114065847,5
0.2255511060497357,0.1668945010958239,5
-0.29948462568276835,-0.054688034067852394,5
0.06424927118751844,-0.11427955652149811,8
-0.29833361437854633,0.193499318335093,5
-0.30172724648837446,0.18863729925606992,5
0.03500440078240587,0.05453701697958548,6
-0.2977027836476821,0.13376542418926654,5
-0.028513541593914466,0.13201924099685244,6
-0.028421239236129332,0.05228100145451785,7
-0.1638897165114278,0.21062370242098874,5
-0.028513541593914466,0.13201924099685244,6
-0.356741212133314,0.06694973272118136,5
-0.25835918107986294,0.09596777853076939,5
-0.25835918107986294,0.09596777853076939,5
-0.25835918107986294,0.09596777853076939,5
-0.1758847868335648,0.11689473860201685,5
-0.1758847868335648,0.11689473860201685,5
-0.1758847868335648,0.11689473860201685,5
0.05212330749792803,-0.12647338925452503,6
0.035244081276338005,-0.06442267401448679,6
-0.1758847868335648,0.11689473860201685,5
-0.27724208786679266,0.13592277636918884,5
0.11629707339777147,0.11759309251298813,6
0.32087749022438056,-0.328725514657906,6
0.025021370895021298,0.04598819105386902,6
-0.2697388065995928,0.17528396373869295,5
0.2527616272922425,0.015237602100173733,6
-0.18264604064803897,0.17153586563766768,6
0.06919925684855169,-0.07628914953474909,6
-0.05179650012468245,-0.13539933584383748,6
0.0758258732244304,0.08089853011565974,6
0.034704441435138594,0.004033385509398448,6
0.11759813233995775,0.13301922565847993,5
0.09973841841094579,0.004133491733207207,6
0.11759813233995775,0.13301922565847993,5
0.17972578469737888,0.19217555962996086,5
-0.19075185034112555,0.08450144895154282,5
0.09869998442566646,-0.20145833171899366,7
0.09696445663963973,-0.23057658085855873,6
0.10200594806644891,-0.21375107628203494,6
0.05384554786835062,0.10594844832545942,6
0.25519081631850077,-0.25619259031655756,6
-0.36052113509294137,0.12995756852126755,5
0.20237954127559712,-0.1988227034013799,6
0.17464053395313903,0.20664745521944455,6
0.00665054826900595,-0.054070869153358,6
-0.18222668796659153,-0.0388044560467236,6
-0.04813392945814814,0.14524546526696208,5
0.09555972506593238,-0.019277368651736865,6
0.00665054826900595,-0.054070869153358,6
-0.0363808107334378,0.1080817534614283,5
-0.016280184540878526,0.015068271307248554,6
