AE_1,AE_2,AE_3,AE_4,AE_5,AE_6,AE_7,AE_8
1.4716271920860038,8.429595613769036,0.0,0.0,2.4973422672929235,1.1561101831152363,3.3016032880555626,0.5997108504263147
0.349926166762305,8.769301100755788,0.6732417490038619,0.0,3.473536382342851,0.5897208999389093,2.987359961056332,1.8942558123179234
1.4716271920860038,8.429595613769036,0.0,0.0,2.4973422672929235,1.1561101831152363,3.3016032880555626,0.5997108504263147
0.45644235395445615,7.697175223136184,0.48858830928355756,0.0,2.231613451771002,0.5749267197962198,2.220418889280622,0.8479929525585781
0.349926166762305,8.769301100755788,0.6732417490038619,0.0,3.473536382342851,0.5897208999389093,2.987359961056332,1.8942558123179234
1.3346259364324258,10.300353403057088,0.8131538678753373,0.0,5.9284054720025425,1.6060324757486324,3.7090572204488508,2.340657305476631
1.77819890013135,8.962956822809476,0.0012515113708501148,0.0,6.65597888423025,2.166303455579481,4.639352864307937,0.9762770034235047
0.45644235395445615,7.697175223136184,0.48858830928355756,0.0,2.231613451771002,0.5749267197962198,2.220418889280622,0.8479929525585781
0.349926166762305,8.769301100755788,0.6732417490038619,0.0,3.473536382342851,0.5897208999389093,2.987359961056332,1.8942558123179234
1.262171436899432,6.109847451026161,0.0,0.0,1.748448807886121,0.4628009908054238,0.0,0.0
0.349926166762305,8.769301100755788,0.6732417490038619,0.0,3.473536382342851,0.5897208999389093,2.987359961056332,1.8942558123179234
0.0,6.267625628396594,1.843613540422904,0.34433172999731754,2.8158396285644334,0.6693347052503636,2.6131451624749027,1.6570476295241416
0.349926166762305,8.769301100755788,0.6732417490038619,0.0,3.473536382342851,0.5897208999389093,2.987359961056332,1.8942558123179234
2.149261599302097,9.480891412040348,0.0,0.0,4.667931173574786,1.571491668536094,3.2632662437657682,0.5839296005756228
1.3346259364324258,10.300353403057088,0.8131538678753373,0.0,5.9284054720025425,1.6060324757486324,3.7090572204488508,2.340657305476631
1.2998503170862692,9.32933173407503,0.0,0.0,3.7750524480322722,1.2856823646809683,3.7829144957947296,1.6278716998043474
0.9139876486014749,8.380467455210175,0.7275063599796813,0.0,6.4322900643076455,1.6841638255813791,3.943134473178848,1.3093651611222805
0.02890349496441874,6.99867054130506,0.8130062054878663,0.0,4.1135554806595485,1.087375208737294,3.3635804368961395,1.113155587785261
0.45644235395445615,7.697175223136184,0.48858830928355756,0.0,2.231613451771002,0.5749267197962198,2.220418889280622,0.8479929525585781
0.45644235395445615,7.697175223136184,0.48858830928355756,0.0,2.231613451771002,0.5749267197962198,2.220418889280622,0.8479929525585781
0.45644235395445615,7.697175223136184,0.48858830928355756,0.0,2.231613451771002,0.5749267197962198,2.220418889280622,0.8479929525585781
0.9973078464864404,7.126417543393135,0.0,0.0,1.5304042951779318,0.7863371365204034,1.6936808653317743,0.3181146198814693
0.1374554934139322,5.9109462767063645,0.6270825268383329,0.0,2.7697426086450907,0.9582066072981404,2.618316003362331,0.0002808107211565991
0.45644235395445615,7.697175223136184,0.48858830928355756,0.0,2.231613451771002,0.5749267197962198,2.220418889280622,0.8479929525585781
0.1374554934139322,5.9109462767063645,0.6270825268383329,0.0,2.7697426086450907,0.9582066072981404,2.618316003362331,0.0002808107211565991
0.349926166762305,8.769301100755788,0.6732417490038619,0.0,3.473536382342851,0.5897208999389093,2.987359961056332,1.8942558123179234
0.0,4.224237201858111,0.0,0.0,0.7340951625525314,0.0,0.7489723349605931,0.512570359302208
0.45644235395445615,7.697175223136184,0.48858830928355756,0.0,2.231613451771002,0.5749267197962198,2.220418889280622,0.8479929525585781
1.3346259364324258,10.300353403057088,0.8131538678753373,0.0,5.9284054720025425,1.6060324757486324,3.7090572204488508,2.340657305476631
1.262171436899432,6.109847451026161,0.0,0.0,1.748448807886121,0.4628009908054238,0.0,0.0
0.45644235395445615,7.697175223136184,0.48858830928355756,0.0,2.231613451771002,0.5749267197962198,2.220418889280622,0.8479929525585781
1.2048614422614177,8.966911066669068,0.42233257960369575,0.0,4.656061311709055,1.1523798764521542,2.462540276050531,1.0822648877901069
0.45644235395445615,7.697175223136184,0.48858830928355756,0.0,2.231613451771002,0.5749267197962198,2.220418889280622,0.8479929525585781
1.3346259364324258,10.300353403057088,0.8131538678753373,0.0,5.9284054720025425,1.6060324757486324,3.7090572204488508,2.340657305476631
2.1947147126468765,6.7839067032064015,0.0,0.0,1.4411285178491688,0.18675671602588162,0.9790565282257898,0.0
1.2809861324986107,6.179890200869136,0.0,0.0,1.1294931808714397,0.0,0.1627080436391462,0.0
0.0,6.833698835683903,0.8462281559354147,0.0,4.109339740335238,1.1193863319314459,3.108978725727588,1.0525827374688217
0.0,6.267625628396594,1.843613540422904,0.34433172999731754,2.8158396285644334,0.6693347052503636,2.6131451624749027,1.6570476295241416
0.02890349496441874,6.99867054130506,0.8130062054878663,0.0,4.1135554806595485,1.087375208737294,3.3635804368961395,1.113155587785261
0.29915258470210965,8.642121402042635,0.7295797241043133,0.0,3.5709363659463103,0.6736302556529206,2.748113036542348,1.8733215775031882
0.45644235395445615,7.697175223136184,0.48858830928355756,0.0,2.231613451771002,0.5749267197962198,2.220418889280622,0.8479929525585781
0.2009428618161035,0.4585625383516866,0.28145741525736656,0.0,0.2176986147115598,1.0584318641113075,2.0602151647345113,3.6795823049070377
0.0,0.030402966057479386,0.0,0.0,0.0,0.9814126375774689,1.4224199438210048,2.9055542713290974
0.4956403981645752,0.9424789182593478,0.7651740349529997,0.0,0.0,2.2309818200486937,3.6059370481491593,4.37747041259224
0.9332104045079648,1.507927146293188,0.0,0.0,0.6371710014109799,3.2048481131956494,4.800243405761601,5.289723527371898
0.4956403981645752,0.9424789182593478,0.7651740349529997,0.0,0.0,2.2309818200486937,3.6059370481491593,4.37747041259224
0.9332104045079648,1.507927146293188,0.0,0.0,0.6371710014109799,3.2048481131956494,4.800243405761601,5.289723527371898
0.0,0.43562612872377293,0.0,0.0,0.0,1.7822959045081022,2.5676386683819596,3.3853737799959576
0.0,0.030402966057479386,0.0,0.0,0.0,0.9814126375774689,1.4224199438210048,2.9055542713290974
0.0,0.43562612872377293,0.0,0.0,0.0,1.7822959045081022,2.5676386683819596,3.3853737799959576
0.9332104045079648,1.507927146293188,0.0,0.0,0.6371710014109799,3.2048481131956494,4.800243405761601,5.289723527371898
0.2009428618161035,0.4585625383516866,0.28145741525736656,0.0,0.2176986147115598,1.0584318641113075,2.0602151647345113,3.6795823049070377
0.0,0.43562612872377293,0.0,0.0,0.0,1.7822959045081022,2.5676386683819596,3.3853737799959576
1.1377607875435074,0.4784950906056945,1.240348968718933,0.0,0.0,2.1265778105671145,3.482700682866854,3.7385517184447594
0.0,0.43562612872377293,0.0,0.0,0.0,1.7822959045081022,2.5676386683819596,3.3853737799959576
0.4956403981645752,0.9424789182593478,0.7651740349529997,0.0,0.0,2.2309818200486937,3.6059370481491593,4.37747041259224
0.0,2.206205644189564,1.5384665258154349,0.0,0.0,2.0800519159412003,3.228151147326548,5.075382549275668
0.2009428618161035,0.4585625383516866,0.28145741525736656,0.0,0.2176986147115598,1.0584318641113075,2.0602151647345113,3.6795823049070377
0.2009428618161035,0.4585625383516866,0.28145741525736656,0.0,0.2176986147115598,1.0584318641113075,2.0602151647345113,3.6795823049070377
0.4956403981645752,0.9424789182593478,0.7651740349529997,0.0,0.0,2.2309818200486937,3.6059370481491593,4.37747041259224
0.0,0.030402966057479386,0.0,0.0,0.0,0.9814126375774689,1.4224199438210048,2.9055542713290974
0.0,0.43562612872377293,0.0,0.0,0.0,1.7822959045081022,2.5676386683819596,3.3853737799959576
0.0,0.030402966057479386,0.0,0.0,0.0,0.9814126375774689,1.4224199438210048,2.9055542713290974
0.4956403981645752,0.9424789182593478,0.7651740349529997,0.0,0.0,2.2309818200486937,3.6059370481491593,4.37747041259224
0.0,0.030402966057479386,0.0,0.0,0.0,0.9814126375774689,1.4224199438210048,2.9055542713290974
0.643603437753272,0.0,0.2756811547782219,0.0,0.0,1.7053267696171326,2.4718810620683156,2.7453676065651664
0.4956403981645752,0.9424789182593478,0.7651740349529997,0.0,0.0,2.2309818200486937,3.6059370481491593,4.37747041259224
0.4956403981645752,0.9424789182593478,0.7651740349529997,0.0,0.0,2.2309818200486937,3.6059370481491593,4.37747041259224
0.4956403981645752,0.9424789182593478,0.7651740349529997,0.0,0.0,2.2309818200486937,3.6059370481491593,4.37747041259224
0.8980679061233259,1.671343714035864,1.605892646486289,0.0,0.06293720066675998,2.0832801548672406,2.7753580011088235,4.374957816282484
0.0,0.43562612872377293,0.0,0.0,0.0,1.7822959045081022,2.5676386683819596,3.3853737799959576
0.9332104045079648,1.507927146293188,0.0,0.0,0.6371710014109799,3.2048481131956494,4.800243405761601,5.289723527371898
0.744694475787067,0.6799165656453413,0.048911886113482184,0.0,0.0,1.0554811771040444,0.4616915018625096,2.709112647346213
0.4956403981645752,0.9424789182593478,0.7651740349529997,0.0,0.0,2.2309818200486937,3.6059370481491593,4.37747041259224
0.9332104045079648,1.507927146293188,0.0,0.0,0.6371710014109799,3.2048481131956494,4.800243405761601,5.289723527371898
0.562428886796821,1.0847731021541844,0.7884188708327401,0.0,0.0,1.8540482756611323,1.7271178542197345,3.3455797304090145
0.0,0.030402966057479386,0.0,0.0,0.0,0.9814126375774689,1.4224199438210048,2.9055542713290974
0.0,0.030402966057479386,0.0,0.0,0.0,0.9814126375774689,1.4224199438210048,2.9055542713290974
0.4956403981645752,0.9424789182593478,0.7651740349529997,0.0,0.0,2.2309818200486937,3.6059370481491593,4.37747041259224
0.0,1.7695538184619737,0.8243554480022529,0.0,0.02346005325102038,1.0890698066651927,1.759801001875947,4.372617884368763
0.0,1.6036646666481509,0.7439981482150361,0.0,0.0,1.8067948481286569,2.2338981617419886,4.122743865892437
0.4956403981645752,0.9424789182593478,0.7651740349529997,0.0,0.0,2.2309818200486937,3.6059370481491593,4.37747041259224
1.203741815735835,1.1064695897684294,0.0,0.0,0.0,4.570978594696643,4.559938126266026,1.3922616328764377
0.34990073885943634,0.8456239801972566,0.14786345477850535,0.0,1.0554416874248145,1.272880603748316,0.6013377964107132,0.5287656691657954
0.5951564073254052,1.5857563272784365,1.181660251942054,0.0,1.4336431548141684,2.2272059139007747,2.58800101102254,2.414553717006621
0.7859732923429537,0.6419728487856031,0.7617431264459671,0.0,0.6306038015818441,2.1147464001054246,2.1971051591587822,1.4629615326198013
0.34990073885943634,0.8456239801972566,0.14786345477850535,0.0,1.0554416874248145,1.272880603748316,0.6013377964107132,0.5287656691657954
0.2241377295649753,0.8569113243172544,0.5161895926417503,0.0,0.9503962589304122,1.5713475793231113,1.5083719958309498,1.1358179804121398
0.7859732923429537,0.6419728487856031,0.7617431264459671,0.0,0.6306038015818441,2.1147464001054246,2.1971051591587822,1.4629615326198013
1.203741815735835,1.1064695897684294,0.0,0.0,0.0,4.570978594696643,4.559938126266026,1.3922616328764377
0.2241377295649753,0.8569113243172544,0.5161895926417503,0.0,0.9503962589304122,1.5713475793231113,1.5083719958309498,1.1358179804121398
1.494503947552252,0.7457583951095887,0.09033258857956084,0.0,1.5265944948528862,1.2628925261872679,2.9021901770176504,1.932847461897766
1.203741815735835,1.1064695897684294,0.0,0.0,0.0,4.570978594696643,4.559938126266026,1.3922616328764377
0.7859732923429537,0.6419728487856031,0.7617431264459671,0.0,0.6306038015818441,2.1147464001054246,2.1971051591587822,1.4629615326198013
0.2241377295649753,0.8569113243172544,0.5161895926417503,0.0,0.9503962589304122,1.5713475793231113,1.5083719958309498,1.1358179804121398
1.022082084557046,2.254134137313987,0.0,0.0,0.4470713156221163,1.389800878086667,0.3848637050191762,1.1743052663264948
1.203741815735835,1.1064695897684294,0.0,0.0,0.0,4.570978594696643,4.559938126266026,1.3922616328764377
0.9048653735001442,1.0247531044968037,1.0050722255969384,0.0,1.5306563100142947,1.6078623158708945,1.668498889491064,1.8971598966317131
0.5951564073254052,1.5857563272784365,1.181660251942054,0.0,1.4336431548141684,2.2272059139007747,2.58800101102254,2.414553717006621
0.34990073885943634,0.8456239801972566,0.14786345477850535,0.0,1.0554416874248145,1.272880603748316,0.6013377964107132,0.5287656691657954
1.022082084557046,2.254134137313987,0.0,0.0,0.4470713156221163,1.389800878086667,0.3848637050191762,1.1743052663264948
0.8400371232411572,1.2830984537334138,0.0,0.08291648777054383,1.2970955892633893,1.927000440751127,2.1609732020659864,0.9183081851950727
0.5951564073254052,1.5857563272784365,1.181660251942054,0.0,1.4336431548141684,2.2272059139007747,2.58800101102254,2.414553717006621
1.203741815735835,1.1064695897684294,0.0,0.0,0.0,4.570978594696643,4.559938126266026,1.3922616328764377
0.7859732923429537,0.6419728487856031,0.7617431264459671,0.0,0.6306038015818441,2.1147464001054246,2.1971051591587822,1.4629615326198013
0.2241377295649753,0.8569113243172544,0.5161895926417503,0.0,0.9503962589304122,1.5713475793231113,1.5083719958309498,1.1358179804121398
1.203741815735835,1.1064695897684294,0.0,0.0,0.0,4.570978594696643,4.559938126266026,1.3922616328764377
0.7382359263929863,0.39375388607988576,0.7492866297462851,0.0,1.265392694452086,0.9503930456881504,1.8888607791038223,2.168992786183785
0.9622900356090602,0.6121900459973844,0.0,0.0,0.024992067789628453,3.5062228109536724,3.0084396740489088,0.636010192473041
0.34990073885943634,0.8456239801972566,0.14786345477850535,0.0,1.0554416874248145,1.272880603748316,0.6013377964107132,0.5287656691657954
1.203741815735835,1.1064695897684294,0.0,0.0,0.0,4.570978594696643,4.559938126266026,1.3922616328764377
1.203741815735835,1.1064695897684294,0.0,0.0,0.0,4.570978594696643,4.559938126266026,1.3922616328764377
0.7859732923429537,0.6419728487856031,0.7617431264459671,0.0,0.6306038015818441,2.1147464001054246,2.1971051591587822,1.4629615326198013
0.7859732923429537,0.6419728487856031,0.7617431264459671,0.0,0.6306038015818441,2.1147464001054246,2.1971051591587822,1.4629615326198013
1.0089732596911865,1.5071886521010651,0.0,0.0,0.0,3.828324159989359,2.232423570986545,0.0
0.5951564073254052,1.5857563272784365,1.181660251942054,0.0,1.4336431548141684,2.2272059139007747,2.58800101102254,2.414553717006621
0.7859732923429537,0.6419728487856031,0.7617431264459671,0.0,0.6306038015818441,2.1147464001054246,2.1971051591587822,1.4629615326198013
0.7382359263929863,0.39375388607988576,0.7492866297462851,0.0,1.265392694452086,0.9503930456881504,1.8888607791038223,2.168992786183785
0.2241377295649753,0.8569113243172544,0.5161895926417503,0.0,0.9503962589304122,1.5713475793231113,1.5083719958309498,1.1358179804121398
0.8020308258105513,2.561816496761919,1.528453099889559,0.0,0.6336956543488166,1.9019307567943138,2.9744480619574682,3.669256480781399
0.2241377295649753,0.8569113243172544,0.5161895926417503,0.0,0.9503962589304122,1.5713475793231113,1.5083719958309498,1.1358179804121398
1.203741815735835,1.1064695897684294,0.0,0.0,0.0,4.570978594696643,4.559938126266026,1.3922616328764377
0.9179851717879435,0.7019055390949513,0.5822398569634271,0.0,0.8392180151817585,1.4860497969037678,0.8814374526034207,0.6636845486099039
1.7238012966454677,2.4279042495744245,0.0,0.0,3.9110798196824845,0.0,0.3713478071024691,0.49278913533956914
2.231711262296508,0.053765153532481125,0.0,0.0,0.5653967692388062,0.0,0.40366750507029053,0.2925649773456054
2.231711262296508,0.053765153532481125,0.0,0.0,0.5653967692388062,0.0,0.40366750507029053,0.2925649773456054
2.231711262296508,0.053765153532481125,0.0,0.0,0.5653967692388062,0.0,0.40366750507029053,0.2925649773456054
1.7238012966454677,2.4279042495744245,0.0,0.0,3.9110798196824845,0.0,0.3713478071024691,0.49278913533956914
2.231711262296508,0.053765153532481125,0.0,0.0,0.5653967692388062,0.0,0.40366750507029053,0.2925649773456054
2.3669883229494473,0.16440011374765778,0.048208510512002145,0.0,1.3418817591040118,0.0,0.7188961018589738,0.8307545380969397
2.231711262296508,0.053765153532481125,0.0,0.0,0.5653967692388062,0.0,0.40366750507029053,0.2925649773456054
2.231711262296508,0.053765153532481125,0.0,0.0,0.5653967692388062,0.0,0.40366750507029053,0.2925649773456054
1.7238012966454677,2.4279042495744245,0.0,0.0,3.9110798196824845,0.0,0.3713478071024691,0.49278913533956914
3.092498882120927,0.6243142981390218,0.0,0.0,0.1003252877072951,0.0,0.0,0.0
2.231711262296508,0.053765153532481125,0.0,0.0,0.5653967692388062,0.0,0.40366750507029053,0.2925649773456054
2.231711262296508,0.053765153532481125,0.0,0.0,0.5653967692388062,0.0,0.40366750507029053,0.2925649773456054
2.231711262296508,0.053765153532481125,0.0,0.0,0.5653967692388062,0.0,0.40366750507029053,0.2925649773456054
1.7238012966454677,2.4279042495744245,0.0,0.0,3.9110798196824845,0.0,0.3713478071024691,0.49278913533956914
2.3669883229494473,0.16440011374765778,0.048208510512002145,0.0,1.3418817591040118,0.0,0.7188961018589738,0.8307545380969397
2.231711262296508,0.053765153532481125,0.0,0.0,0.5653967692388062,0.0,0.40366750507029053,0.2925649773456054
2.231711262296508,0.053765153532481125,0.0,0.0,0.5653967692388062,0.0,0.40366750507029053,0.2925649773456054
2.231711262296508,0.053765153532481125,0.0,0.0,0.5653967692388062,0.0,0.40366750507029053,0.2925649773456054
1.7238012966454677,2.4279042495744245,0.0,0.0,3.9110798196824845,0.0,0.3713478071024691,0.49278913533956914
2.231711262296508,0.053765153532481125,0.0,0.0,0.5653967692388062,0.0,0.40366750507029053,0.2925649773456054
2.3669883229494473,0.16440011374765778,0.048208510512002145,0.0,1.3418817591040118,0.0,0.7188961018589738,0.8307545380969397
2.231711262296508,0.053765153532481125,0.0,0.0,0.5653967692388062,0.0,0.40366750507029053,0.2925649773456054
2.231711262296508,0.053765153532481125,0.0,0.0,0.5653967692388062,0.0,0.40366750507029053,0.2925649773456054
3.092498882120927,0.6243142981390218,0.0,0.0,0.1003252877072951,0.0,0.0,0.0
2.231711262296508,0.053765153532481125,0.0,0.0,0.5653967692388062,0.0,0.40366750507029053,0.2925649773456054
2.231711262296508,0.053765153532481125,0.0,0.0,0.5653967692388062,0.0,0.40366750507029053,0.2925649773456054
2.231711262296508,0.053765153532481125,0.0,0.0,0.5653967692388062,0.0,0.40366750507029053,0.2925649773456054
2.231711262296508,0.053765153532481125,0.0,0.0,0.5653967692388062,0.0,0.40366750507029053,0.2925649773456054
2.3669883229494473,0.16440011374765778,0.048208510512002145,0.0,1.3418817591040118,0.0,0.7188961018589738,0.8307545380969397
2.231711262296508,0.053765153532481125,0.0,0.0,0.5653967692388062,0.0,0.40366750507029053,0.2925649773456054
2.3669883229494473,0.16440011374765778,0.048208510512002145,0.0,1.3418817591040118,0.0,0.7188961018589738,0.8307545380969397
2.3669883229494473,0.16440011374765778,0.048208510512002145,0.0,1.3418817591040118,0.0,0.7188961018589738,0.8307545380969397
2.519731366258682,0.0,0.26706140914008697,0.0,1.1534035391773838,0.0,1.3730194417832897,1.4730207873660524
2.3669883229494473,0.16440011374765778,0.048208510512002145,0.0,1.3418817591040118,0.0,0.7188961018589738,0.8307545380969397
2.231711262296508,0.053765153532481125,0.0,0.0,0.5653967692388062,0.0,0.40366750507029053,0.2925649773456054
2.3669883229494473,0.16440011374765778,0.048208510512002145,0.0,1.3418817591040118,0.0,0.7188961018589738,0.8307545380969397
2.2146889515057535,0.6758580243320733,0.0,0.0,0.0,0.0,0.006169013641630736,0.0
3.092498882120927,0.6243142981390218,0.0,0.0,0.1003252877072951,0.0,0.0,0.0
1.7238012966454677,2.4279042495744245,0.0,0.0,3.9110798196824845,0.0,0.3713478071024691,0.49278913533956914
3.092498882120927,0.6243142981390218,0.0,0.0,0.1003252877072951,0.0,0.0,0.0
1.2358376871502543,1.6178627015970135,0.0,0.0,1.210728375100461,1.6110076472595725,1.5017766309199347,0.534750419030408
0.8524112321507622,2.9575697192953867,0.0,0.0,4.489673332327848,0.7440951433383199,0.9954092488331433,1.491225043858936
1.2358376871502543,1.6178627015970135,0.0,0.0,1.210728375100461,1.6110076472595725,1.5017766309199347,0.534750419030408
1.571272886422769,0.9228929002209836,0.0,0.0,1.0578815207147299,1.6556947490223546,1.560338871287281,0.5109149889076112
0.8400371232411572,1.2830984537334138,0.0,0.08291648777054383,1.2970955892633893,1.927000440751127,2.1609732020659864,0.9183081851950727
1.3755506981033818,1.9086538305895315,0.0,0.0,1.9894900951856869,1.8881892153335635,2.3419793208650685,1.601355944756759
1.3755506981033818,1.9086538305895315,0.0,0.0,1.9894900951856869,1.8881892153335635,2.3419793208650685,1.601355944756759
1.9360244228967671,2.779732508108452,0.0,0.0,1.1577828044116107,4.944144978171888,6.392339410669218,2.370194917556448
1.3755506981033818,1.9086538305895315,0.0,0.0,1.9894900951856869,1.8881892153335635,2.3419793208650685,1.601355944756759
1.3755506981033818,1.9086538305895315,0.0,0.0,1.9894900951856869,1.8881892153335635,2.3419793208650685,1.601355944756759
0.31223601167503173,1.1954041710522203,0.0,0.0,0.9542684712177643,1.0141329806393724,1.1215926901468274,0.9172552755419869
0.3785262882114601,1.1795440681941212,0.6623012387636565,0.0,1.704498219307947,1.4414934656942389,1.5067728176823187,1.7596285727567893
1.2358376871502543,1.6178627015970135,0.0,0.0,1.210728375100461,1.6110076472595725,1.5017766309199347,0.534750419030408
1.6063920156576184,1.3826850428265658,0.0,0.0,0.5996990925230428,3.3784535527059942,3.73369188013136,0.5524763542542724
1.2358376871502543,1.6178627015970135,0.0,0.0,1.210728375100461,1.6110076472595725,1.5017766309199347,0.534750419030408
2.0653646730045185,2.69017490353675,0.0,0.0,0.3372226140092479,1.2471309900985101,1.271683310587494,0.7319246179483732
0.8400371232411572,1.2830984537334138,0.0,0.08291648777054383,1.2970955892633893,1.927000440751127,2.1609732020659864,0.9183081851950727
1.2087025101296367,2.0796909777901806,0.40868997885910424,0.07894741826348461,1.8896345742506986,2.5573137939671593,3.5821080210218557,2.275311913312012
0.34990073885943634,0.8456239801972566,0.14786345477850535,0.0,1.0554416874248145,1.272880603748316,0.6013377964107132,0.5287656691657954
1.2358376871502543,1.6178627015970135,0.0,0.0,1.210728375100461,1.6110076472595725,1.5017766309199347,0.534750419030408
1.2358376871502543,1.6178627015970135,0.0,0.0,1.210728375100461,1.6110076472595725,1.5017766309199347,0.534750419030408
0.3785262882114601,1.1795440681941212,0.6623012387636565,0.0,1.704498219307947,1.4414934656942389,1.5067728176823187,1.7596285727567893
1.3755506981033818,1.9086538305895315,0.0,0.0,1.9894900951856869,1.8881892153335635,2.3419793208650685,1.601355944756759
1.3220442126290954,0.5627727392297923,0.12528631215175481,0.0,1.0316281821177349,0.7064185964261146,0.1282310497062541,0.42163982777974207
1.9360244228967671,2.779732508108452,0.0,0.0,1.1577828044116107,4.944144978171888,6.392339410669218,2.370194917556448
1.2087025101296367,2.0796909777901806,0.40868997885910424,0.07894741826348461,1.8896345742506986,2.5573137939671593,3.5821080210218557,2.275311913312012
1.2358376871502543,1.6178627015970135,0.0,0.0,1.210728375100461,1.6110076472595725,1.5017766309199347,0.534750419030408
0.34990073885943634,0.8456239801972566,0.14786345477850535,0.0,1.0554416874248145,1.272880603748316,0.6013377964107132,0.5287656691657954
1.2087025101296367,2.0796909777901806,0.40868997885910424,0.07894741826348461,1.8896345742506986,2.5573137939671593,3.5821080210218557,2.275311913312012
0.8400371232411572,1.2830984537334138,0.0,0.08291648777054383,1.2970955892633893,1.927000440751127,2.1609732020659864,0.9183081851950727
1.2087025101296367,2.0796909777901806,0.40868997885910424,0.07894741826348461,1.8896345742506986,2.5573137939671593,3.5821080210218557,2.275311913312012
1.2087025101296367,2.0796909777901806,0.40868997885910424,0.07894741826348461,1.8896345742506986,2.5573137939671593,3.5821080210218557,2.275311913312012
0.34990073885943634,0.8456239801972566,0.14786345477850535,0.0,1.0554416874248145,1.272880603748316,0.6013377964107132,0.5287656691657954
0.34990073885943634,0.8456239801972566,0.14786345477850535,0.0,1.0554416874248145,1.272880603748316,0.6013377964107132,0.5287656691657954
1.3755506981033818,1.9086538305895315,0.0,0.0,1.9894900951856869,1.8881892153335635,2.3419793208650685,1.601355944756759
1.3755506981033818,1.9086538305895315,0.0,0.0,1.9894900951856869,1.8881892153335635,2.3419793208650685,1.601355944756759
0.34990073885943634,0.8456239801972566,0.14786345477850535,0.0,1.0554416874248145,1.272880603748316,0.6013377964107132,0.5287656691657954
1.3755506981033818,1.9086538305895315,0.0,0.0,1.9894900951856869,1.8881892153335635,2.3419793208650685,1.601355944756759
1.3755506981033818,1.9086538305895315,0.0,0.0,1.9894900951856869,1.8881892153335635,2.3419793208650685,1.601355944756759
1.2087025101296367,2.0796909777901806,0.40868997885910424,0.07894741826348461,1.8896345742506986,2.5573137939671593,3.5821080210218557,2.275311913312012
1.3755506981033818,1.9086538305895315,0.0,0.0,1.9894900951856869,1.8881892153335635,2.3419793208650685,1.601355944756759
1.7599863752079221,2.6098171673135955,0.0,1.0221537530573426,0.2880389746493175,3.4075377709127084,6.406232179823406,1.3935590488317988
1.670240911958488,2.0344766135089065,0.0,0.7112867671324801,1.6548736954760859,1.1895362581051214,5.2757294622665425,2.7194281248278434
2.215314037292093,2.854236084408562,0.0,0.0,0.310323864088197,4.513078300181203,8.991369122505809,4.065354009961972
0.15251219973898805,2.1240774553789197,0.0,1.3856289857767432,0.8698134005612894,0.7117906229296711,3.500206490670767,1.6743979748290179
1.0272863958203786,2.634894374183214,0.0,0.669331957344049,0.0,2.8126355013184563,6.027043945235579,1.8172099114802527
0.7134269345983901,1.982159669292287,0.0,0.934160570304372,1.3596012102592017,0.1600237446106833,4.068125816800624,2.57196256968699
0.6208853432086296,2.1580194543094096,0.0,0.7898070055204505,1.3232945132923657,0.9354947047218337,4.870623093424954,3.0378282269961674
1.1711855747388422,2.0026090176139135,0.0,1.4313739608279843,0.8469662578867274,0.6840803944828,3.1302108165873164,1.0050354332625544
0.6208853432086296,2.1580194543094096,0.0,0.7898070055204505,1.3232945132923657,0.9354947047218337,4.870623093424954,3.0378282269961674
1.4523810680888363,2.8536926666633753,0.0,1.2990070614798224,1.8699718858467052,1.4376817833989772,4.697684679834054,2.0285823800748615
0.6208853432086296,2.1580194543094096,0.0,0.7898070055204505,1.3232945132923657,0.9354947047218337,4.870623093424954,3.0378282269961674
0.0,2.8453606984181645,0.0,1.0463584413685398,1.1825644163436297,1.2425843527519915,3.5176668878296833,2.5809206974018584
0.3762605353028187,3.0009698086925702,0.0,1.3881404744914672,1.52243069383859,1.1886383902786237,4.304170197777501,2.483351047064954
0.0,2.8453606984181645,0.0,1.0463584413685398,1.1825644163436297,1.2425843527519915,3.5176668878296833,2.5809206974018584
0.4799275601266944,2.04588849112832,0.0,1.3006874456672926,0.7927783059372606,0.2651261213489393,3.100587190240412,1.5239470476200165
0.4799275601266944,2.04588849112832,0.0,1.3006874456672926,0.7927783059372606,0.2651261213489393,3.100587190240412,1.5239470476200165
0.3762605353028187,3.0009698086925702,0.0,1.3881404744914672,1.52243069383859,1.1886383902786237,4.304170197777501,2.483351047064954
2.2575651964729864,1.820693589667201,0.14335373230801174,0.17209930452766492,1.6260410929825122,2.0704576737128795,5.814314350703324,2.953872203464326
0.6208853432086296,2.1580194543094096,0.0,0.7898070055204505,1.3232945132923657,0.9354947047218337,4.870623093424954,3.0378282269961674
0.6208853432086296,2.1580194543094096,0.0,0.7898070055204505,1.3232945132923657,0.9354947047218337,4.870623093424954,3.0378282269961674
0.3762605353028187,3.0009698086925702,0.0,1.3881404744914672,1.52243069383859,1.1886383902786237,4.304170197777501,2.483351047064954
1.1030862355903923,1.7148706487424998,0.0,0.42258904761231547,0.9111210015056688,1.425609259021753,5.175359221174342,3.0182449464947934
0.3762605353028187,3.0009698086925702,0.0,1.3881404744914672,1.52243069383859,1.1886383902786237,4.304170197777501,2.483351047064954
0.3762605353028187,3.0009698086925702,0.0,1.3881404744914672,1.52243069383859,1.1886383902786237,4.304170197777501,2.483351047064954
0.0,2.8453606984181645,0.0,1.0463584413685398,1.1825644163436297,1.2425843527519915,3.5176668878296833,2.5809206974018584
0.6208853432086296,2.1580194543094096,0.0,0.7898070055204505,1.3232945132923657,0.9354947047218337,4.870623093424954,3.0378282269961674
0.6208853432086296,2.1580194543094096,0.0,0.7898070055204505,1.3232945132923657,0.9354947047218337,4.870623093424954,3.0378282269961674
2.215314037292093,2.854236084408562,0.0,0.0,0.310323864088197,4.513078300181203,8.991369122505809,4.065354009961972
0.15251219973898805,2.1240774553789197,0.0,1.3856289857767432,0.8698134005612894,0.7117906229296711,3.500206490670767,1.6743979748290179
0.6208853432086296,2.1580194543094096,0.0,0.7898070055204505,1.3232945132923657,0.9354947047218337,4.870623093424954,3.0378282269961674
0.15251219973898805,2.1240774553789197,0.0,1.3856289857767432,0.8698134005612894,0.7117906229296711,3.500206490670767,1.6743979748290179
0.5585975341568885,1.1759895706444015,0.0,0.5288967715623262,0.6276803499854713,0.8692862952322749,4.106248549293892,2.183544426687488
0.9670567947903379,2.1460552096704406,0.0,1.4696914304890323,1.1598439669010538,1.0403012521867472,3.7587529567785376,1.194856670972476
0.15251219973898805,2.1240774553789197,0.0,1.3856289857767432,0.8698134005612894,0.7117906229296711,3.500206490670767,1.6743979748290179
0.0,2.423320068541866,0.0,1.1114417478959822,1.5599228805979395,0.37209190662988456,2.4392243573836496,2.148554481662842
0.7134269345983901,1.982159669292287,0.0,0.934160570304372,1.3596012102592017,0.1600237446106833,4.068125816800624,2.57196256968699
0.7134269345983901,1.982159669292287,0.0,0.934160570304372,1.3596012102592017,0.1600237446106833,4.068125816800624,2.57196256968699
0.6208853432086296,2.1580194543094096,0.0,0.7898070055204505,1.3232945132923657,0.9354947047218337,4.870623093424954,3.0378282269961674
1.0272863958203786,2.634894374183214,0.0,0.669331957344049,0.0,2.8126355013184563,6.027043945235579,1.8172099114802527
2.2575651964729864,1.820693589667201,0.14335373230801174,0.17209930452766492,1.6260410929825122,2.0704576737128795,5.814314350703324,2.953872203464326
1.2813192690062292,2.825932481589801,0.0,0.13848029039832244,0.2596288672368695,3.0829426984603563,7.2829525833803865,3.071592206754084
3.658992493154437,0.0,0.521219213397078,0.0,1.0519225107329657,0.8204567284540224,5.04056340502391,2.065697953500332
0.15251219973898805,2.1240774553789197,0.0,1.3856289857767432,0.8698134005612894,0.7117906229296711,3.500206490670767,1.6743979748290179
1.7106974744082928,2.919858730622803,0.0,1.2533939529098932,0.33132337537532575,3.308241278645178,6.419704505962887,1.5681764255365391
3.658992493154437,0.0,0.521219213397078,0.0,1.0519225107329657,0.8204567284540224,5.04056340502391,2.065697953500332
0.9670567947903379,2.1460552096704406,0.0,1.4696914304890323,1.1598439669010538,1.0403012521867472,3.7587529567785376,1.194856670972476
2.3144916667166706,0.2986753193873829,0.9377595047884847,0.0,1.010955037615952,0.014967853605058812,3.4525008784194644,2.0576004140732174
3.658992493154437,0.0,0.521219213397078,0.0,1.0519225107329657,0.8204567284540224,5.04056340502391,2.065697953500332
3.2461787621155676,0.0,0.42083887556467225,0.0,0.4492120328548913,1.242734238110193,5.233224691015159,1.7218435164464676
3.658992493154437,0.0,0.521219213397078,0.0,1.0519225107329657,0.8204567284540224,5.04056340502391,2.065697953500332
3.3540283294803093,0.0,0.14754072864856005,0.0,0.30850800525890665,0.7398521552839606,4.434913661539155,1.426770351100205
2.9935417616982276,0.0,0.0,0.0,0.2992512211695241,0.46146133492451613,4.2562069054084475,1.3734054050464186
2.8505108536201678,0.43892353937800427,0.0,0.0,0.43766735691986236,0.3129584171845051,4.287480294206614,1.5070588896387793
2.907410821259945,1.35007660826474,0.0,0.38150029881318687,0.0,0.0,2.9516667448694065,0.32353832372439384
2.889255371257923,0.0,1.2348087913224255,0.0,0.8609479810053406,0.5449413016294545,3.69710662137972,1.9809067063658006
3.8193148760373345,0.19716681931552654,0.8425249071800053,0.0,1.070958987020537,1.803631848089463,6.341685598213522,2.634981857724903
3.616577143481014,1.3626839634936214,0.0,0.0,0.1732369760246357,2.802302628928935,7.14886991179875,1.9359904559521466
3.256769326072547,0.8149151964171836,0.19430056136493412,0.0,1.2414888501468688,0.48787387868843307,4.919602505177187,2.149916965281376
0.9670567947903379,2.1460552096704406,0.0,1.4696914304890323,1.1598439669010538,1.0403012521867472,3.7587529567785376,1.194856670972476
3.3540283294803093,0.0,0.14754072864856005,0.0,0.30850800525890665,0.7398521552839606,4.434913661539155,1.426770351100205
2.238215580922414,0.5296833570487101,0.8567631957951096,0.0,1.0853132467302844,0.0,3.458932133780393,2.1205055991618265
3.658992493154437,0.0,0.521219213397078,0.0,1.0519225107329657,0.8204567284540224,5.04056340502391,2.065697953500332
2.586246350533854,1.886777027621947,0.0,0.46904304320691864,0.773289853273526,0.4386754595820437,3.6392987167160307,0.9091974935609572
1.0512450665292121,1.801786238064188,0.0,1.156685457735341,1.0759377498137503,0.6622821986954904,4.386153868729216,2.026018456777534
1.7590333969567706,0.46876087038687025,0.36351152328066233,0.0,0.43113336869754293,0.08934121075910118,2.277032911146732,0.70381382101839
3.510973569450292,0.0,0.0,0.0,0.0,2.590891678119398,6.673263187726243,1.3549056303588696
2.8505108536201678,0.43892353937800427,0.0,0.0,0.43766735691986236,0.3129584171845051,4.287480294206614,1.5070588896387793
3.658992493154437,0.0,0.521219213397078,0.0,1.0519225107329657,0.8204567284540224,5.04056340502391,2.065697953500332
1.9727062845217405,1.551493251935516,0.0,0.3993836974787354,1.6657088483312357,1.8979745532040737,4.981004176528149,2.089336495212228
3.658992493154437,0.0,0.521219213397078,0.0,1.0519225107329657,0.8204567284540224,5.04056340502391,2.065697953500332
3.658992493154437,0.0,0.521219213397078,0.0,1.0519225107329657,0.8204567284540224,5.04056340502391,2.065697953500332
3.426973026395325,0.0,0.0,0.0,0.0,0.0,2.8025518023046745,0.6033160393218245
3.510973569450292,0.0,0.0,0.0,0.0,2.590891678119398,6.673263187726243,1.3549056303588696
2.9588950915502767,2.3259293112976698,0.0,0.0,0.0,0.0,3.527774923450876,1.479951197433278
3.658992493154437,0.0,0.521219213397078,0.0,1.0519225107329657,0.8204567284540224,5.04056340502391,2.065697953500332
2.519731366258682,0.0,0.26706140914008697,0.0,1.1534035391773838,0.0,1.3730194417832897,1.4730207873660524
2.5488931206866714,0.0,0.7616330890714291,0.0,0.38511038642560025,0.4648347819577505,3.4080479945849813,1.5945358977245712
0.45419021830992895,2.324922693591684,0.0,0.013913468550477204,0.0,3.7322239604204954,5.216945555036267,1.4497600557614185
3.510973569450292,0.0,0.0,0.0,0.0,2.590891678119398,6.673263187726243,1.3549056303588696
2.7752576355618888,0.4368647971529425,0.449493850330999,0.0,1.2095403460281964,2.4028566165950505,6.057183206326229,2.7768803519854135
2.9220263076591975,0.20483134111256807,0.0,0.0,0.3684592890446936,0.3872098760545109,4.271843599807531,1.440232147342599
2.775257635561889,0.4368647971529426,0.449493850330999,0.0,1.2095403460281964,2.4028566165950505,6.057183206326229,2.7768803519854135
